"";"X";"seq";"variable";"pid";"coefficient";"level";"value";"revlevel"
"1";1;1;"Commit.LOC.Churn";758;"haar";1;59071,7005003242;2
"2";2;2;"Commit.LOC.Churn";758;"haar";1;-16053,4452532782;2
"3";3;3;"Commit.LOC.Churn";758;"haar";1;24806,0129908053;2
"4";1;1;"Commit.LOC.Churn";584;"haar";1;98,2878425849301;4
"5";2;2;"Commit.LOC.Churn";584;"haar";1;-580924,99029737;4
"6";3;3;"Commit.LOC.Churn";584;"haar";1;-11030,1586797289;4
"7";4;4;"Commit.LOC.Churn";584;"haar";1;43351,3025409849;4
"8";5;5;"Commit.LOC.Churn";584;"haar";1;-2265619,62439638;4
"9";6;6;"Commit.LOC.Churn";584;"haar";1;105460,026666505;4
"10";7;7;"Commit.LOC.Churn";584;"haar";1;757272,471777827;4
"11";8;8;"Commit.LOC.Churn";584;"haar";1;-488655,333527119;4
"12";9;9;"Commit.LOC.Churn";584;"haar";1;425476,756841663;4
"13";10;10;"Commit.LOC.Churn";584;"haar";1;-131835,109604764;4
"14";11;11;"Commit.LOC.Churn";584;"haar";1;27959,7092348973;4
"15";12;1;"Commit.LOC.Churn";584;"haar";2;-411292,5;3
"16";13;2;"Commit.LOC.Churn";584;"haar";2;2052549;3
"17";14;3;"Commit.LOC.Churn";584;"haar";2;231652;3
"18";15;4;"Commit.LOC.Churn";584;"haar";2;-113161;3
"19";16;5;"Commit.LOC.Churn";584;"haar";2;-358626;3
"20";1;1;"Commit.LOC.Churn";3178;"haar";1;15171,6830971386;3
"21";2;2;"Commit.LOC.Churn";3178;"haar";1;-126199,468558707;3
"22";3;3;"Commit.LOC.Churn";3178;"haar";1;77089,4883917386;3
"23";4;4;"Commit.LOC.Churn";3178;"haar";1;83639,4185058696;3
"24";5;5;"Commit.LOC.Churn";3178;"haar";1;26972,5881683608;3
"25";6;6;"Commit.LOC.Churn";3178;"haar";1;-3576,54609924156;3
"26";7;1;"Commit.LOC.Churn";3178;"haar";2;87508,5;2
"27";8;2;"Commit.LOC.Churn";3178;"haar";2;15364,5;2
"28";9;3;"Commit.LOC.Churn";3178;"haar";2;-42246,5;2
"29";1;1;"Commit.LOC.Churn";172;"haar";1;13459,7775798859;3
"30";2;2;"Commit.LOC.Churn";172;"haar";1;53607,1792953145;3
"31";3;3;"Commit.LOC.Churn";172;"haar";1;25339,1715038199;3
"32";4;4;"Commit.LOC.Churn";172;"haar";1;92075,9095122063;3
"33";5;5;"Commit.LOC.Churn";172;"haar";1;-3258,34804770762;3
"34";6;6;"Commit.LOC.Churn";172;"haar";1;-154761,632771175;3
"35";7;7;"Commit.LOC.Churn";172;"haar";1;47038,1572980915;3
"36";8;1;"Commit.LOC.Churn";172;"haar";2;-11636,5;2
"37";9;2;"Commit.LOC.Churn";172;"haar";2;-40634,5;2
"38";10;3;"Commit.LOC.Churn";172;"haar";2;-146001;2
"39";1;1;"Commit.LOC.Churn";232;"haar";1;-3119,04801181384;3
"40";2;2;"Commit.LOC.Churn";232;"haar";1;-161453,691348324;3
"41";3;3;"Commit.LOC.Churn";232;"haar";1;-102434,316749808;3
"42";4;4;"Commit.LOC.Churn";232;"haar";1;-111493,76883037;3
"43";5;5;"Commit.LOC.Churn";232;"haar";1;33763,6416948765;3
"44";1;1;"Commit.LOC.Churn";244;"haar";1;209064,605139177;3
"45";2;2;"Commit.LOC.Churn";244;"haar";1;-332733,338528017;3
"46";3;3;"Commit.LOC.Churn";244;"haar";1;-56250,3444433899;3
"47";4;4;"Commit.LOC.Churn";244;"haar";1;-97766,7048871956;3
"48";5;5;"Commit.LOC.Churn";244;"haar";1;117348,612978595;3
"49";6;6;"Commit.LOC.Churn";244;"haar";1;-115066,072288924;3
"50";7;1;"Commit.LOC.Churn";244;"haar";2;32625;2
"51";8;2;"Commit.LOC.Churn";244;"haar";2;-154111,5;2
"52";9;3;"Commit.LOC.Churn";244;"haar";2;243;2
"53";1;1;"Commit.LOC.Churn";126;"haar";1;127378,922669726;3
"54";2;2;"Commit.LOC.Churn";126;"haar";1;-464626,430888838;3
"55";3;3;"Commit.LOC.Churn";126;"haar";1;-158860,730781713;3
"56";4;4;"Commit.LOC.Churn";126;"haar";1;-22261,1356853149;3
"57";1;1;"Commit.LOC.Churn";72;"haar";1;2807,92102809178;4
"58";2;2;"Commit.LOC.Churn";72;"haar";1;46867,0374570444;4
"59";3;3;"Commit.LOC.Churn";72;"haar";1;191974,541344679;4
"60";4;4;"Commit.LOC.Churn";72;"haar";1;1637670,61893654;4
"61";5;5;"Commit.LOC.Churn";72;"haar";1;223707,372363988;4
"62";6;6;"Commit.LOC.Churn";72;"haar";1;-298860,095282057;4
"63";7;7;"Commit.LOC.Churn";72;"haar";1;-678287,937212509;4
"64";8;8;"Commit.LOC.Churn";72;"haar";1;-230664,595984082;4
"65";9;9;"Commit.LOC.Churn";72;"haar";1;-34644,6967442349;4
"66";10;10;"Commit.LOC.Churn";72;"haar";1;-94871,8097250179;4
"67";11;1;"Commit.LOC.Churn";72;"haar";2;69479,5;3
"68";12;2;"Commit.LOC.Churn";72;"haar";2;1284240,5;3
"69";13;3;"Commit.LOC.Churn";72;"haar";2;310178;3
"70";14;4;"Commit.LOC.Churn";72;"haar";2;-913496,5;3
"71";15;5;"Commit.LOC.Churn";72;"haar";2;-157630;3
"72";1;1;"Commit.LOC.Churn";162;"haar";1;718931,020781549;3
"73";2;2;"Commit.LOC.Churn";162;"haar";1;-399842,721810089;3
"74";3;3;"Commit.LOC.Churn";162;"haar";1;195548,259016796;3
"75";4;4;"Commit.LOC.Churn";162;"haar";1;435700,106684058;3
"76";5;5;"Commit.LOC.Churn";162;"haar";1;189835,54333159;3
"77";6;6;"Commit.LOC.Churn";162;"haar";1;-4331,73614154878;3
"78";7;7;"Commit.LOC.Churn";162;"haar";1;104963,637706112;3
"79";8;1;"Commit.LOC.Churn";162;"haar";2;1929;2
"80";9;2;"Commit.LOC.Churn";162;"haar";2;-50900,4999999999;2
"81";10;3;"Commit.LOC.Churn";162;"haar";2;-413276,5;2
"82";1;1;"Commit.LOC.Churn";255;"haar";1;326934,355815506;2
"83";2;2;"Commit.LOC.Churn";255;"haar";1;-20142,64376888;2
"84";3;3;"Commit.LOC.Churn";255;"haar";1;-17720,8030433161;2
"85";1;1;"Commit.LOC.Churn";169;"haar";1;11663,7263556721;2
"86";2;2;"Commit.LOC.Churn";169;"haar";1;-15247,3435227255;2
"87";3;3;"Commit.LOC.Churn";169;"haar";1;160339,998167956;2
"88";1;1;"Commit.LOC.Churn";321;"haar";1;201516,947356792;3
"89";2;2;"Commit.LOC.Churn";321;"haar";1;146448,178344765;3
"90";3;3;"Commit.LOC.Churn";321;"haar";1;-153099,224728605;3
"91";4;4;"Commit.LOC.Churn";321;"haar";1;8413,86358933873;3
"92";5;5;"Commit.LOC.Churn";321;"haar";1;-94715,5391263757;3
"93";1;1;"Commit.LOC.Churn";96;"haar";1;122067,843636234;4
"94";2;2;"Commit.LOC.Churn";96;"haar";1;28166,1844150037;4
"95";3;3;"Commit.LOC.Churn";96;"haar";1;4637,91337780256;4
"96";4;4;"Commit.LOC.Churn";96;"haar";1;44448,0251586052;4
"97";5;5;"Commit.LOC.Churn";96;"haar";1;-18685,2966928545;4
"98";6;6;"Commit.LOC.Churn";96;"haar";1;77593,6555267246;4
"99";7;7;"Commit.LOC.Churn";96;"haar";1;106991,619954555;4
"100";8;8;"Commit.LOC.Churn";96;"haar";1;737853,905352882;4
"101";9;9;"Commit.LOC.Churn";96;"haar";1;-441498,382289788;4
"102";10;10;"Commit.LOC.Churn";96;"haar";1;245076,846398227;4
"103";11;11;"Commit.LOC.Churn";96;"haar";1;-237761,826746852;4
"104";12;12;"Commit.LOC.Churn";96;"haar";1;-85470,8250691427;4
"105";13;13;"Commit.LOC.Churn";96;"haar";1;8653,57278816096;4
"106";14;1;"Commit.LOC.Churn";96;"haar";2;-11521;3
"107";15;2;"Commit.LOC.Churn";96;"haar";2;-72397;3
"108";16;3;"Commit.LOC.Churn";96;"haar";2;202928,5;3
"109";17;4;"Commit.LOC.Churn";96;"haar";2;-9921,00000000012;3
"110";18;5;"Commit.LOC.Churn";96;"haar";2;65014,5;3
"111";19;6;"Commit.LOC.Churn";96;"haar";2;27650;3
"112";20;1;"Commit.LOC.Churn";96;"haar";3;52692,1831204591;2
"113";21;2;"Commit.LOC.Churn";96;"haar";3;797242,743244568;2
"114";22;3;"Commit.LOC.Churn";96;"haar";3;-583764,377577225;2
"115";1;1;"Commit.LOC.Churn";59;"haar";1;33754,449306721;3
"116";2;2;"Commit.LOC.Churn";59;"haar";1;12281,030575648;3
"117";3;3;"Commit.LOC.Churn";59;"haar";1;-10844,8967030581;3
"118";4;4;"Commit.LOC.Churn";59;"haar";1;-46630,8637921281;3
"119";5;5;"Commit.LOC.Churn";59;"haar";1;18211,5351494595;3
"120";6;6;"Commit.LOC.Churn";59;"haar";1;-29453,8258635444;3
"121";7;1;"Commit.LOC.Churn";59;"haar";2;9883,99999999999;2
"122";8;2;"Commit.LOC.Churn";59;"haar";2;-93265,5;2
"123";9;3;"Commit.LOC.Churn";59;"haar";2;2754,5;2
"124";1;1;"Commit.LOC.Churn";372;"haar";1;-130986,58146734;3
"125";2;2;"Commit.LOC.Churn";372;"haar";1;-111625,290691671;3
"126";3;3;"Commit.LOC.Churn";372;"haar";1;-109498,313493862;3
"127";4;4;"Commit.LOC.Churn";372;"haar";1;23883,2386413568;3
"128";1;1;"Commit.LOC.Churn";64;"haar";1;-331221,54422984;5
"129";2;2;"Commit.LOC.Churn";64;"haar";1;-14917,1246559114;5
"130";3;3;"Commit.LOC.Churn";64;"haar";1;-239001,384934272;5
"131";4;4;"Commit.LOC.Churn";64;"haar";1;-12786,6119241963;5
"132";5;5;"Commit.LOC.Churn";64;"haar";1;51642,8366571783;5
"133";6;6;"Commit.LOC.Churn";64;"haar";1;15074,809468116;5
"134";7;7;"Commit.LOC.Churn";64;"haar";1;1498194,51345428;5
"135";8;8;"Commit.LOC.Churn";64;"haar";1;1761589,66812592;5
"136";9;9;"Commit.LOC.Churn";64;"haar";1;-2753900,19132947;5
"137";10;10;"Commit.LOC.Churn";64;"haar";1;30556,9124421955;5
"138";11;11;"Commit.LOC.Churn";64;"haar";1;-9905,85889764235;5
"139";12;12;"Commit.LOC.Churn";64;"haar";1;-158327,572268699;5
"140";13;13;"Commit.LOC.Churn";64;"haar";1;242123,26137321;5
"141";14;14;"Commit.LOC.Churn";64;"haar";1;268955,842398896;5
"142";15;15;"Commit.LOC.Churn";64;"haar";1;-226015,368897781;5
"143";16;16;"Commit.LOC.Churn";64;"haar";1;-226352,658832407;5
"144";17;17;"Commit.LOC.Churn";64;"haar";1;43675,1574467683;5
"145";18;18;"Commit.LOC.Churn";64;"haar";1;-77829,1220848597;5
"146";19;1;"Commit.LOC.Churn";64;"haar";2;-273436;4
"147";20;2;"Commit.LOC.Churn";64;"haar";2;-84463;4
"148";21;3;"Commit.LOC.Churn";64;"haar";2;-19100,5;4
"149";22;4;"Commit.LOC.Churn";64;"haar";2;-32808,5;4
"150";23;5;"Commit.LOC.Churn";64;"haar";2;-1744739,5;4
"151";24;6;"Commit.LOC.Churn";64;"haar";2;-15883;4
"152";25;7;"Commit.LOC.Churn";64;"haar";2;-28156,5;4
"153";26;8;"Commit.LOC.Churn";64;"haar";2;-126878,5;4
"154";27;9;"Commit.LOC.Churn";64;"haar";2;196266,5;4
"155";28;1;"Commit.LOC.Churn";64;"haar";3;36561,309674641;3
"156";29;2;"Commit.LOC.Churn";64;"haar";3;57020,3837281021;3
"157";30;3;"Commit.LOC.Churn";64;"haar";3;160815,527478303;3
"158";31;4;"Commit.LOC.Churn";64;"haar";3;-118047,941585188;3
"159";1;1;"Commit.LOC.Churn";189;"haar";1;37079,2653918602;3
"160";2;2;"Commit.LOC.Churn";189;"haar";1;-32799,148045338;3
"161";3;3;"Commit.LOC.Churn";189;"haar";1;31561,7111782616;3
"162";4;4;"Commit.LOC.Churn";189;"haar";1;182895,290274244;3
"163";5;5;"Commit.LOC.Churn";189;"haar";1;824004,967145526;3
"164";6;6;"Commit.LOC.Churn";189;"haar";1;1018511,65787363;3
"165";7;7;"Commit.LOC.Churn";189;"haar";1;-15307,4475991264;3
"166";8;1;"Commit.LOC.Churn";189;"haar";2;-10419;2
"167";9;2;"Commit.LOC.Churn";189;"haar";2;576574;2
"168";10;3;"Commit.LOC.Churn";189;"haar";2;-1029569,5;2
"169";1;1;"Commit.LOC.Churn";3176;"haar";1;15510,3872453269;3
"170";2;2;"Commit.LOC.Churn";3176;"haar";1;-49247,1588825183;3
"171";3;3;"Commit.LOC.Churn";3176;"haar";1;57285,5487710469;3
"172";4;4;"Commit.LOC.Churn";3176;"haar";1;6348,40468149283;3
"173";5;5;"Commit.LOC.Churn";3176;"haar";1;15571,9055352901;3
"174";6;6;"Commit.LOC.Churn";3176;"haar";1;424529,940861655;3
"175";7;1;"Commit.LOC.Churn";3176;"haar";2;-50477,5;2
"176";8;2;"Commit.LOC.Churn";3176;"haar";2;-135108;2
"177";9;3;"Commit.LOC.Churn";3176;"haar";2;298119;2
"178";1;1;"Commit.LOC.Churn";10;"haar";1;84707,8568522425;3
"179";2;2;"Commit.LOC.Churn";10;"haar";1;-119526,501864649;3
"180";3;3;"Commit.LOC.Churn";10;"haar";1;18027,687386351;3
"181";4;4;"Commit.LOC.Churn";10;"haar";1;-21753,4330164229;3
"182";1;1;"Commit.LOC.Churn";310785;"haar";1;188849,836478616;2
"183";2;2;"Commit.LOC.Churn";310785;"haar";1;63993,1636973825;2
"184";3;3;"Commit.LOC.Churn";310785;"haar";1;-187161,265485143;2
"185";1;1;"Commit.LOC.Churn";380;"haar";1;71297,5767470396;3
"186";2;2;"Commit.LOC.Churn";380;"haar";1;-103302,643877105;3
"187";3;3;"Commit.LOC.Churn";380;"haar";1;1041234,53428706;3
"188";4;4;"Commit.LOC.Churn";380;"haar";1;17890,5086708008;3
"189";5;5;"Commit.LOC.Churn";380;"haar";1;45895,4727396941;3
"190";6;6;"Commit.LOC.Churn";380;"haar";1;-59527,0772674083;3
"191";7;1;"Commit.LOC.Churn";380;"haar";2;272653;2
"192";8;2;"Commit.LOC.Churn";380;"haar";2;-574780,5;2
"193";9;3;"Commit.LOC.Churn";380;"haar";2;-165225;2
"194";1;1;"Commit.LOC.Churn";639;"haar";1;-33377,5613923486;4
"195";2;2;"Commit.LOC.Churn";639;"haar";1;7355,32473790247;4
"196";3;3;"Commit.LOC.Churn";639;"haar";1;117024,05096603;4
"197";4;4;"Commit.LOC.Churn";639;"haar";1;-126378,366574347;4
"198";5;5;"Commit.LOC.Churn";639;"haar";1;-61914,9768674753;4
"199";6;6;"Commit.LOC.Churn";639;"haar";1;-86275,512586133;4
"200";7;7;"Commit.LOC.Churn";639;"haar";1;173965,238734639;4
"201";8;8;"Commit.LOC.Churn";639;"haar";1;-140451,912840303;4
"202";9;9;"Commit.LOC.Churn";639;"haar";1;-151957,95438377;4
"203";10;10;"Commit.LOC.Churn";639;"haar";1;-114723,125500049;4
"204";11;11;"Commit.LOC.Churn";639;"haar";1;10301,1315883256;4
"205";12;1;"Commit.LOC.Churn";639;"haar";2;115674,5;3
"206";13;2;"Commit.LOC.Churn";639;"haar";2;64796,5;3
"207";14;3;"Commit.LOC.Churn";639;"haar";2;109547;3
"208";15;4;"Commit.LOC.Churn";639;"haar";2;189949;3
"209";16;5;"Commit.LOC.Churn";639;"haar";2;-119519,5;3
"210";1;1;"Commit.LOC.Churn";767;"haar";1;-3845,24667609244;2
"211";2;2;"Commit.LOC.Churn";767;"haar";1;-187,383297014435;2
"212";3;3;"Commit.LOC.Churn";767;"haar";1;-223,445742854949;2
"213";1;1;"Commit.LOC.Churn";700;"haar";1;-205072,280252598;3
"214";2;2;"Commit.LOC.Churn";700;"haar";1;10191,5300372417;3
"215";3;3;"Commit.LOC.Churn";700;"haar";1;10178,0950083992;3
"216";4;4;"Commit.LOC.Churn";700;"haar";1;1629,88113063499;3
"217";5;5;"Commit.LOC.Churn";700;"haar";1;-12491,0412896604;3
"218";6;6;"Commit.LOC.Churn";700;"haar";1;-44083,1580595129;3
"219";7;1;"Commit.LOC.Churn";700;"haar";2;-611062,5;2
"220";8;2;"Commit.LOC.Churn";700;"haar";2;-6546,5;2
"221";9;3;"Commit.LOC.Churn";700;"haar";2;27005;2
"222";1;1;"Commit.LOC.Churn";459;"haar";1;16831,9698193646;3
"223";2;2;"Commit.LOC.Churn";459;"haar";1;-219340,28088338;3
"224";3;3;"Commit.LOC.Churn";459;"haar";1;48013,2575493478;3
"225";4;4;"Commit.LOC.Churn";459;"haar";1;-193195,007649007;3
"226";1;1;"Commit.LOC.Churn";322;"haar";1;9108,9495552451;3
"227";2;2;"Commit.LOC.Churn";322;"haar";1;206175,366831249;3
"228";3;3;"Commit.LOC.Churn";322;"haar";1;-189540,679803835;3
"229";4;4;"Commit.LOC.Churn";322;"haar";1;-23900,9163108865;3
"230";1;1;"Commit.LOC.Churn";3194;"haar";1;13157,1358775381;2
"231";2;2;"Commit.LOC.Churn";3194;"haar";1;43417,0634716352;2
"232";3;3;"Commit.LOC.Churn";3194;"haar";1;-136200,079765028;2
"233";1;1;"Commit.LOC.Churn";513;"haar";1;57393,7361085685;3
"234";2;2;"Commit.LOC.Churn";513;"haar";1;24234,6707116066;3
"235";3;3;"Commit.LOC.Churn";513;"haar";1;-20189,3128164383;3
"236";4;4;"Commit.LOC.Churn";513;"haar";1;-26233,6615820209;3
"237";5;5;"Commit.LOC.Churn";513;"haar";1;-49071,796400784;3
"238";1;1;"Commit.LOC.Churn";229;"haar";1;133830,564941272;3
"239";2;2;"Commit.LOC.Churn";229;"haar";1;44313,6748701797;3
"240";3;3;"Commit.LOC.Churn";229;"haar";1;-21078,1460403898;3
"241";4;4;"Commit.LOC.Churn";229;"haar";1;5758,67762598324;3
"242";1;1;"Commit.LOC.Churn";143;"haar";1;-56895,9329346132;2
"243";2;2;"Commit.LOC.Churn";143;"haar";1;1166,01908217662;2
"244";3;3;"Commit.LOC.Churn";143;"haar";1;108,187337521542;2
"245";1;1;"Commit.LOC.Churn";417;"haar";1;278887,864247443;3
"246";2;2;"Commit.LOC.Churn";417;"haar";1;-223568,072328094;3
"247";3;3;"Commit.LOC.Churn";417;"haar";1;-15055,717585024;3
"248";4;4;"Commit.LOC.Churn";417;"haar";1;-13091,3749468877;3
"249";1;1;"Commit.LOC.Churn";230;"haar";1;24204,9722267967;3
"250";2;2;"Commit.LOC.Churn";230;"haar";1;251417,472905126;3
"251";3;3;"Commit.LOC.Churn";230;"haar";1;692661,296753688;3
"252";4;4;"Commit.LOC.Churn";230;"haar";1;-518087,946187228;3
"253";5;5;"Commit.LOC.Churn";230;"haar";1;-56584,0988441099;3
"254";1;1;"Commit.LOC.Churn";608;"haar";1;484059,846556188;3
"255";2;2;"Commit.LOC.Churn";608;"haar";1;-328725,457292252;3
"256";3;3;"Commit.LOC.Churn";608;"haar";1;-1034055,27913768;3
"257";4;4;"Commit.LOC.Churn";608;"haar";1;103736,100333972;3
"258";1;1;"Commit.LOC.Churn";18;"haar";1;124754,142297961;3
"259";2;2;"Commit.LOC.Churn";18;"haar";1;-230494,890356598;3
"260";3;3;"Commit.LOC.Churn";18;"haar";1;147921,788876757;3
"261";4;4;"Commit.LOC.Churn";18;"haar";1;-79449,1037205581;3
"262";5;5;"Commit.LOC.Churn";18;"haar";1;-87160,8102761786;3
"263";1;1;"Commit.LOC.Churn";3189;"haar";1;138897,692135255;3
"264";2;2;"Commit.LOC.Churn";3189;"haar";1;698078,441804358;3
"265";3;3;"Commit.LOC.Churn";3189;"haar";1;-1161675,32521979;3
"266";4;4;"Commit.LOC.Churn";3189;"haar";1;-100203,394855164;3
"267";1;1;"Commit.LOC.Churn";52;"haar";1;10101,727476031;3
"268";2;2;"Commit.LOC.Churn";52;"haar";1;227676,362726788;3
"269";3;3;"Commit.LOC.Churn";52;"haar";1;-201498,562580481;3
"270";4;4;"Commit.LOC.Churn";52;"haar";1;226348,41619172;3
"271";5;5;"Commit.LOC.Churn";52;"haar";1;174158,985992684;3
"272";1;1;"Commit.LOC.Churn";455;"haar";1;-923070,627189761;3
"273";2;2;"Commit.LOC.Churn";455;"haar";1;-23900,9163108864;3
"274";3;3;"Commit.LOC.Churn";455;"haar";1;-63887,8047869858;3
"275";4;4;"Commit.LOC.Churn";455;"haar";1;592083,135304494;3
"276";1;1;"Commit.LOC.Churn";360;"haar";1;292368,147923983;2
"277";2;2;"Commit.LOC.Churn";360;"haar";1;-340491,007024415;2
"278";3;3;"Commit.LOC.Churn";360;"haar";1;-36218,7164391562;2
"279";1;1;"Commit.LOC.Churn";9;"haar";1;31051,887189026;4
"280";2;2;"Commit.LOC.Churn";9;"haar";1;74678,2542678925;4
"281";3;3;"Commit.LOC.Churn";9;"haar";1;-36008,7057251437;4
"282";4;4;"Commit.LOC.Churn";9;"haar";1;1820,09285477417;4
"283";5;5;"Commit.LOC.Churn";9;"haar";1;14564,2783720993;4
"284";6;6;"Commit.LOC.Churn";9;"haar";1;20466,4986746634;4
"285";7;7;"Commit.LOC.Churn";9;"haar";1;7793,73094223813;4
"286";8;8;"Commit.LOC.Churn";9;"haar";1;20793,1820075716;4
"287";9;9;"Commit.LOC.Churn";9;"haar";1;-22034,154408554;4
"288";10;10;"Commit.LOC.Churn";9;"haar";1;2922,472326644;4
"289";11;11;"Commit.LOC.Churn";9;"haar";1;-3310178,2676618;4
"290";12;1;"Commit.LOC.Churn";9;"haar";2;-28641,5;3
"291";13;2;"Commit.LOC.Churn";9;"haar";2;5694,5;3
"292";14;3;"Commit.LOC.Churn";9;"haar";2;7712;3
"293";15;4;"Commit.LOC.Churn";9;"haar";2;-21577,5;3
"294";16;5;"Commit.LOC.Churn";9;"haar";2;2490850;3
"295";1;1;"Commit.LOC.Churn";114;"haar";1;179373,898503935;3
"296";2;2;"Commit.LOC.Churn";114;"haar";1;-75222,0193826249;3
"297";3;3;"Commit.LOC.Churn";114;"haar";1;-4227,08433793318;3
"298";4;4;"Commit.LOC.Churn";114;"haar";1;-605,283404695685;3
"299";1;1;"Commit.LOC.Churn";198;"haar";1;-25645,3487400737;3
"300";2;2;"Commit.LOC.Churn";198;"haar";1;187062,270535776;3
"301";3;3;"Commit.LOC.Churn";198;"haar";1;-1276777,45995455;3
"302";4;4;"Commit.LOC.Churn";198;"haar";1;-8781,55911555572;3
"303";1;1;"Commit.LOC.Churn";170;"haar";1;54032,8575775888;2
"304";2;2;"Commit.LOC.Churn";170;"haar";1;-71533,0433051747;2
"305";3;3;"Commit.LOC.Churn";170;"haar";1;-10026,0670504441;2
"306";1;1;"Commit.LOC.Churn";123;"haar";1;114246,535529529;3
"307";2;2;"Commit.LOC.Churn";123;"haar";1;-2240,82138958016;3
"308";3;3;"Commit.LOC.Churn";123;"haar";1;-89988,5302941436;3
"309";4;4;"Commit.LOC.Churn";123;"haar";1;-289716,497494533;3
"310";5;5;"Commit.LOC.Churn";123;"haar";1;57231,1015488956;3
"311";6;6;"Commit.LOC.Churn";123;"haar";1;-50121,849970846;3
"312";7;1;"Commit.LOC.Churn";123;"haar";2;49999;2
"313";8;2;"Commit.LOC.Churn";123;"haar";2;91895;2
"314";9;3;"Commit.LOC.Churn";123;"haar";2;-272224;2
"315";1;1;"Commit.LOC.Churn";3080;"haar";1;629065,527067332;2
"316";2;2;"Commit.LOC.Churn";3080;"haar";1;-414696,913962475;2
"317";3;3;"Commit.LOC.Churn";3080;"haar";1;-4947,62614796227;2
"318";1;1;"Commit.LOC.Churn";846;"haar";1;68143,1733961664;3
"319";2;2;"Commit.LOC.Churn";846;"haar";1;160739,513499326;3
"320";3;3;"Commit.LOC.Churn";846;"haar";1;-139854,4076102;3
"321";4;4;"Commit.LOC.Churn";846;"haar";1;-89619,4205543642;3
"322";5;5;"Commit.LOC.Churn";846;"haar";1;-82717,3512632023;3
"323";1;1;"Commit.LOC.Churn";348327;"haar";1;-27678,280735985;3
"324";2;2;"Commit.LOC.Churn";348327;"haar";1;484,368145112785;3
"325";3;3;"Commit.LOC.Churn";348327;"haar";1;65188,1741575878;3
"326";4;4;"Commit.LOC.Churn";348327;"haar";1;20260,7306013381;3
"327";5;5;"Commit.LOC.Churn";348327;"haar";1;-39338,4715577512;3
"328";6;6;"Commit.LOC.Churn";348327;"haar";1;-31722,2244175909;3
"329";7;7;"Commit.LOC.Churn";348327;"haar";1;-835,093108581314;3
"330";8;1;"Commit.LOC.Churn";348327;"haar";2;73973,5;2
"331";9;2;"Commit.LOC.Churn";348327;"haar";2;10508;2
"332";10;3;"Commit.LOC.Churn";348327;"haar";2;-16980,5;2
"333";1;1;"Commit.LOC.Churn";161;"haar";1;23963,8488144121;2
"334";2;2;"Commit.LOC.Churn";161;"haar";1;-22721,4621998673;2
"335";3;3;"Commit.LOC.Churn";161;"haar";1;-1945,95786182538;2
"336";1;1;"Commit.LOC.Churn";86;"haar";1;137588,130376497;2
"337";2;2;"Commit.LOC.Churn";86;"haar";1;-569639,566069633;2
"338";3;3;"Commit.LOC.Churn";86;"haar";1;341473,178343483;2
"339";1;1;"Commit.LOC.Churn";15;"haar";1;646,295598004504;6
"340";2;2;"Commit.LOC.Churn";15;"haar";1;4318,30111270625;6
"341";3;3;"Commit.LOC.Churn";15;"haar";1;18550,2392976479;6
"342";4;4;"Commit.LOC.Churn";15;"haar";1;72689,8699991959;6
"343";5;5;"Commit.LOC.Churn";15;"haar";1;-5590,38621206084;6
"344";6;6;"Commit.LOC.Churn";15;"haar";1;-227805,763267745;6
"345";7;7;"Commit.LOC.Churn";15;"haar";1;-28062,2397181693;6
"346";8;8;"Commit.LOC.Churn";15;"haar";1;16137,5909602394;6
"347";9;9;"Commit.LOC.Churn";15;"haar";1;137735,208586984;6
"348";10;10;"Commit.LOC.Churn";15;"haar";1;-20029,5066838901;6
"349";11;11;"Commit.LOC.Churn";15;"haar";1;66514,7064790938;6
"350";12;12;"Commit.LOC.Churn";15;"haar";1;-12650,8474222085;6
"351";13;13;"Commit.LOC.Churn";15;"haar";1;74196,0074431232;6
"352";14;14;"Commit.LOC.Churn";15;"haar";1;91754,1759267664;6
"353";15;15;"Commit.LOC.Churn";15;"haar";1;-10436,8960903134;6
"354";16;16;"Commit.LOC.Churn";15;"haar";1;85370,4159062142;6
"355";17;17;"Commit.LOC.Churn";15;"haar";1;157519,349217802;6
"356";18;18;"Commit.LOC.Churn";15;"haar";1;-332967,39087259;6
"357";19;19;"Commit.LOC.Churn";15;"haar";1;73388,4914990082;6
"358";20;20;"Commit.LOC.Churn";15;"haar";1;-468482,284166648;6
"359";21;21;"Commit.LOC.Churn";15;"haar";1;163748,959960056;6
"360";22;22;"Commit.LOC.Churn";15;"haar";1;311910,458035636;6
"361";23;23;"Commit.LOC.Churn";15;"haar";1;24011,9320755328;6
"362";24;24;"Commit.LOC.Churn";15;"haar";1;286484,31239773;6
"363";25;25;"Commit.LOC.Churn";15;"haar";1;178632,850597252;6
"364";26;26;"Commit.LOC.Churn";15;"haar";1;-77195,5544089166;6
"365";27;27;"Commit.LOC.Churn";15;"haar";1;274519,358553272;6
"366";28;28;"Commit.LOC.Churn";15;"haar";1;-421946,87978998;6
"367";29;29;"Commit.LOC.Churn";15;"haar";1;-149315,496342476;6
"368";30;30;"Commit.LOC.Churn";15;"haar";1;892537,049271345;6
"369";31;31;"Commit.LOC.Churn";15;"haar";1;-356192,313100662;6
"370";32;32;"Commit.LOC.Churn";15;"haar";1;-1392884,39342538;6
"371";33;33;"Commit.LOC.Churn";15;"haar";1;-433989,615380368;6
"372";34;34;"Commit.LOC.Churn";15;"haar";1;-782282,131521614;6
"373";35;35;"Commit.LOC.Churn";15;"haar";1;247251,199750375;6
"374";36;36;"Commit.LOC.Churn";15;"haar";1;-293730,035584548;6
"375";37;37;"Commit.LOC.Churn";15;"haar";1;13927,1751622502;6
"376";38;1;"Commit.LOC.Churn";15;"haar";2;26252,5;5
"377";39;2;"Commit.LOC.Churn";15;"haar";2;58549,5;5
"378";40;3;"Commit.LOC.Churn";15;"haar";2;-259636;5
"379";41;4;"Commit.LOC.Churn";15;"haar";2;81741,5;5
"380";42;5;"Commit.LOC.Churn";15;"haar";2;61769;5
"381";43;6;"Commit.LOC.Churn";15;"haar";2;227042;5
"382";44;7;"Commit.LOC.Churn";15;"haar";2;-140684;5
"383";45;8;"Commit.LOC.Churn";15;"haar";2;-38191;5
"384";46;9;"Commit.LOC.Churn";15;"haar";2;-147278;5
"385";47;10;"Commit.LOC.Churn";15;"haar";2;-280834;5
"386";48;11;"Commit.LOC.Churn";15;"haar";2;177934;5
"387";49;12;"Commit.LOC.Churn";15;"haar";2;-832379,5;5
"388";50;13;"Commit.LOC.Churn";15;"haar";2;-62232;5
"389";51;14;"Commit.LOC.Churn";15;"haar";2;-515414,5;5
"390";52;15;"Commit.LOC.Churn";15;"haar";2;-584212;5
"391";53;16;"Commit.LOC.Churn";15;"haar";2;-448420;5
"392";54;17;"Commit.LOC.Churn";15;"haar";2;-249977;5
"393";55;18;"Commit.LOC.Churn";15;"haar";2;-168991,5;5
"394";56;1;"Commit.LOC.Churn";15;"haar";3;97656,3962293305;4
"395";57;2;"Commit.LOC.Churn";15;"haar";3;-240675,460238731;4
"396";58;3;"Commit.LOC.Churn";15;"haar";3;160318,077857739;4
"397";59;4;"Commit.LOC.Churn";15;"haar";3;152037,150343263;4
"398";60;5;"Commit.LOC.Churn";15;"haar";3;78120,4500787085;4
"399";61;6;"Commit.LOC.Churn";15;"haar";3;269720,57838275;4
"400";62;7;"Commit.LOC.Churn";15;"haar";3;300218,800962107;4
"401";63;8;"Commit.LOC.Churn";15;"haar";3;-10411,4402461906;4
"402";64;9;"Commit.LOC.Churn";15;"haar";3;-998667,766719806;4
"403";65;1;"Commit.LOC.Churn";15;"haar";4;-7831,75;3
"404";66;2;"Commit.LOC.Churn";15;"haar";4;195472;3
"405";67;3;"Commit.LOC.Churn";15;"haar";4;262072,5;3
"406";68;4;"Commit.LOC.Churn";15;"haar";4;-651871,75;3
"407";1;1;"Commit.LOC.Churn";902;"haar";1;-65020,5898504466;3
"408";2;2;"Commit.LOC.Churn";902;"haar";1;-168342,325610644;3
"409";3;3;"Commit.LOC.Churn";902;"haar";1;177157,118744915;3
"410";4;4;"Commit.LOC.Churn";902;"haar";1;69176,2564034799;3
"411";5;5;"Commit.LOC.Churn";902;"haar";1;1374215,3601885;3
"412";6;6;"Commit.LOC.Churn";902;"haar";1;-52407,219087641;3
"413";7;1;"Commit.LOC.Churn";902;"haar";2;-278479,5;2
"414";8;2;"Commit.LOC.Churn";902;"haar";2;-81912;2
"415";9;3;"Commit.LOC.Churn";902;"haar";2;-959764,5;2
"416";1;1;"Commit.LOC.Churn";43;"haar";1;50,9116882454314;4
"417";2;2;"Commit.LOC.Churn";43;"haar";1;-549616,423346774;4
"418";3;3;"Commit.LOC.Churn";43;"haar";1;226942,385887916;4
"419";4;4;"Commit.LOC.Churn";43;"haar";1;63657,9950831002;4
"420";5;5;"Commit.LOC.Churn";43;"haar";1;343028,813262093;4
"421";6;6;"Commit.LOC.Churn";43;"haar";1;93283,6478944729;4
"422";7;7;"Commit.LOC.Churn";43;"haar";1;-256595,615863756;4
"423";8;8;"Commit.LOC.Churn";43;"haar";1;-288585,833751416;4
"424";9;9;"Commit.LOC.Churn";43;"haar";1;-220361,343075413;4
"425";10;10;"Commit.LOC.Churn";43;"haar";1;178702,147061808;4
"426";11;11;"Commit.LOC.Churn";43;"haar";1;49055,5329448167;4
"427";12;1;"Commit.LOC.Churn";43;"haar";2;-217106;3
"428";13;2;"Commit.LOC.Churn";43;"haar";2;270717;3
"429";14;3;"Commit.LOC.Churn";43;"haar";2;-201620;3
"430";15;4;"Commit.LOC.Churn";43;"haar";2;-291016;3
"431";16;5;"Commit.LOC.Churn";43;"haar";2;-244208;3
"432";1;1;"Commit.LOC.Churn";1657;"haar";1;3639,47860276716;3
"433";2;2;"Commit.LOC.Churn";1657;"haar";1;-110939,39711392;3
"434";3;3;"Commit.LOC.Churn";1657;"haar";1;-4513,46258431373;3
"435";4;4;"Commit.LOC.Churn";1657;"haar";1;48498,3328012417;3
"436";5;5;"Commit.LOC.Churn";1657;"haar";1;9038,94598390764;3
"437";6;6;"Commit.LOC.Churn";1657;"haar";1;-9285,01914376055;3
"438";7;1;"Commit.LOC.Churn";1657;"haar";2;77935,5;2
"439";8;2;"Commit.LOC.Churn";1657;"haar";2;48618;2
"440";9;3;"Commit.LOC.Churn";1657;"haar";2;-8297,99999999999;2
"441";1;1;"Commit.LOC.Churn";766;"haar";1;229554,43833762;2
"442";2;2;"Commit.LOC.Churn";766;"haar";1;-86877,2604569228;2
"443";3;3;"Commit.LOC.Churn";766;"haar";1;-78189,7465432649;2
"444";1;1;"Commit.LOC.Churn";3760;"haar";1;2068,99444175184;5
"445";2;2;"Commit.LOC.Churn";3760;"haar";1;-63858,1063021759;5
"446";3;3;"Commit.LOC.Churn";3760;"haar";1;-25526,5548008344;5
"447";4;4;"Commit.LOC.Churn";3760;"haar";1;-19253,8105449285;5
"448";5;5;"Commit.LOC.Churn";3760;"haar";1;-66943,2131884928;5
"449";6;6;"Commit.LOC.Churn";3760;"haar";1;118837,072752992;5
"450";7;7;"Commit.LOC.Churn";3760;"haar";1;-23153,5044431723;5
"451";8;8;"Commit.LOC.Churn";3760;"haar";1;-168662,644982521;5
"452";9;9;"Commit.LOC.Churn";3760;"haar";1;7930,20255100713;5
"453";10;10;"Commit.LOC.Churn";3760;"haar";1;99328,7037668367;5
"454";11;11;"Commit.LOC.Churn";3760;"haar";1;-45242,1060738777;5
"455";12;12;"Commit.LOC.Churn";3760;"haar";1;134728,590553379;5
"456";13;13;"Commit.LOC.Churn";3760;"haar";1;122292,703592651;5
"457";14;14;"Commit.LOC.Churn";3760;"haar";1;-40573,0799977029;5
"458";15;15;"Commit.LOC.Churn";3760;"haar";1;-244651,168115952;5
"459";16;16;"Commit.LOC.Churn";3760;"haar";1;2211,83001155153;5
"460";17;17;"Commit.LOC.Churn";3760;"haar";1;96365,926353665;5
"461";18;18;"Commit.LOC.Churn";3760;"haar";1;94011,9678790951;5
"462";19;19;"Commit.LOC.Churn";3760;"haar";1;28492,1606411308;5
"463";20;20;"Commit.LOC.Churn";3760;"haar";1;-45693,9473070559;5
"464";21;21;"Commit.LOC.Churn";3760;"haar";1;15010,4627510281;5
"465";22;22;"Commit.LOC.Churn";3760;"haar";1;-52407,9261944222;5
"466";23;23;"Commit.LOC.Churn";3760;"haar";1;-269934,478184059;5
"467";24;24;"Commit.LOC.Churn";3760;"haar";1;-30052,7453072095;5
"468";25;25;"Commit.LOC.Churn";3760;"haar";1;-122285,632524839;5
"469";26;26;"Commit.LOC.Churn";3760;"haar";1;5870,40049741072;5
"470";27;27;"Commit.LOC.Churn";3760;"haar";1;-56109,6301939337;5
"471";28;28;"Commit.LOC.Churn";3760;"haar";1;133684,193837566;5
"472";29;29;"Commit.LOC.Churn";3760;"haar";1;-138542,017424318;5
"473";30;1;"Commit.LOC.Churn";3760;"haar";2;3658,49999999999;4
"474";31;2;"Commit.LOC.Churn";3760;"haar";2;44513,5;4
"475";32;3;"Commit.LOC.Churn";3760;"haar";2;-127974,5;4
"476";33;4;"Commit.LOC.Churn";3760;"haar";2;-180960;4
"477";34;5;"Commit.LOC.Churn";3760;"haar";2;-82774;4
"478";35;6;"Commit.LOC.Churn";3760;"haar";2;-33017,5;4
"479";36;7;"Commit.LOC.Churn";3760;"haar";2;177422;4
"480";37;8;"Commit.LOC.Churn";3760;"haar";2;46051,9999999999;4
"481";38;9;"Commit.LOC.Churn";3760;"haar";2;142390,5;4
"482";39;10;"Commit.LOC.Churn";3760;"haar";2;125878,5;4
"483";40;11;"Commit.LOC.Churn";3760;"haar";2;138532,5;4
"484";41;12;"Commit.LOC.Churn";3760;"haar";2;-125965,5;4
"485";42;13;"Commit.LOC.Churn";3760;"haar";2;106723,5;4
"486";43;14;"Commit.LOC.Churn";3760;"haar";2;46566;4
"487";44;1;"Commit.LOC.Churn";3760;"haar";3;-57655,3656176075;3
"488";45;2;"Commit.LOC.Churn";3760;"haar";3;78783,3626860709;3
"489";46;3;"Commit.LOC.Churn";3760;"haar";3;36292,6090977901;3
"490";47;4;"Commit.LOC.Churn";3760;"haar";3;-127568,427287084;3
"491";48;5;"Commit.LOC.Churn";3760;"haar";3;-124947,182449225;3
"492";49;6;"Commit.LOC.Churn";3760;"haar";3;-42403,0723474136;3
"493";50;7;"Commit.LOC.Churn";3760;"haar";3;77702,9035244179;3
"494";51;1;"Commit.LOC.Churn";3760;"haar";4;24369,9999999999;2
"495";52;2;"Commit.LOC.Churn";3760;"haar";4;67417,9999999999;2
"496";53;3;"Commit.LOC.Churn";3760;"haar";4;-79703,25;2
"497";1;1;"Commit.LOC.Churn";838;"haar";1;247629,50187831;2
"498";2;2;"Commit.LOC.Churn";838;"haar";1;-69041,9061150545;2
"499";3;3;"Commit.LOC.Churn";838;"haar";1;101508,006866454;2
"500";1;1;"Commit.LOC.Churn";625;"haar";1;212976,319852701;3
"501";2;2;"Commit.LOC.Churn";625;"haar";1;-104959,395065425;3
"502";3;3;"Commit.LOC.Churn";625;"haar";1;-27230,6821434939;3
"503";4;4;"Commit.LOC.Churn";625;"haar";1;1923,33044482741;3
"504";1;1;"Commit.LOC.Churn";1237;"haar";1;-19008,4444918568;3
"505";2;2;"Commit.LOC.Churn";1237;"haar";1;16295,275772444;3
"506";3;3;"Commit.LOC.Churn";1237;"haar";1;-42642,0744394548;3
"507";4;4;"Commit.LOC.Churn";1237;"haar";1;188550,023203393;3
"508";5;5;"Commit.LOC.Churn";1237;"haar";1;-19615,1421101148;3
"509";6;6;"Commit.LOC.Churn";1237;"haar";1;-135556,612594148;3
"510";7;7;"Commit.LOC.Churn";1237;"haar";1;-31334,7299015007;3
"511";8;1;"Commit.LOC.Churn";1237;"haar";2;58853;2
"512";9;2;"Commit.LOC.Churn";1237;"haar";2;-117844;2
"513";10;3;"Commit.LOC.Churn";1237;"haar";2;-105793;2
"514";1;1;"Commit.LOC.Churn";165;"haar";1;236139,016684029;2
"515";2;2;"Commit.LOC.Churn";165;"haar";1;-43387,3649868254;2
"516";3;3;"Commit.LOC.Churn";165;"haar";1;-34853,2932446849;2
"517";1;1;"Commit.LOC.Churn";1895;"haar";1;58,6898628384834;3
"518";2;2;"Commit.LOC.Churn";1895;"haar";1;70355,7105144991;3
"519";3;3;"Commit.LOC.Churn";1895;"haar";1;-107051,724030956;3
"520";4;4;"Commit.LOC.Churn";1895;"haar";1;134889,810899489;3
"521";1;1;"Commit.LOC.Churn";635;"haar";1;-47163,3151983615;2
"522";2;2;"Commit.LOC.Churn";635;"haar";1;-7549,07199594758;2
"523";3;3;"Commit.LOC.Churn";635;"haar";1;7855,95633898254;2
"524";1;1;"Commit.LOC.Churn";284;"haar";1;116515,641190357;3
"525";2;2;"Commit.LOC.Churn";284;"haar";1;-190949,236511959;3
"526";3;3;"Commit.LOC.Churn";284;"haar";1;31137,4471095496;3
"527";4;4;"Commit.LOC.Churn";284;"haar";1;-71418,4920066225;3
"528";5;5;"Commit.LOC.Churn";284;"haar";1;-9385,42830668905;3
"529";1;1;"Commit.LOC.Churn";613;"haar";1;28987,1353879613;3
"530";2;2;"Commit.LOC.Churn";613;"haar";1;-4217,18484299657;3
"531";3;3;"Commit.LOC.Churn";613;"haar";1;-14555,0859839439;3
"532";4;4;"Commit.LOC.Churn";613;"haar";1;27535,4451661854;3
"533";5;5;"Commit.LOC.Churn";613;"haar";1;-7175,0125086999;3
"534";1;1;"Commit.LOC.Churn";505;"haar";1;84562,8999620992;2
"535";2;2;"Commit.LOC.Churn";505;"haar";1;-1308,14754519511;2
"536";3;3;"Commit.LOC.Churn";505;"haar";1;9027,63227540865;2
"537";1;1;"Commit.LOC.Churn";491;"haar";1;251090,789572218;2
"538";2;2;"Commit.LOC.Churn";491;"haar";1;-169888,768141099;2
"539";3;3;"Commit.LOC.Churn";491;"haar";1;363745,627737297;2
"540";1;1;"Commit.LOC.Churn";210;"haar";1;29533,7289298185;3
"541";2;2;"Commit.LOC.Churn";210;"haar";1;-204370,12321888;3
"542";3;3;"Commit.LOC.Churn";210;"haar";1;-51741,8316065444;3
"543";4;4;"Commit.LOC.Churn";210;"haar";1;-35852,4351265015;3
"544";5;5;"Commit.LOC.Churn";210;"haar";1;-12186,9853737501;3
"545";1;1;"Commit.LOC.Churn";223;"haar";1;20368,9179388597;3
"546";2;2;"Commit.LOC.Churn";223;"haar";1;2576,69711064378;3
"547";3;3;"Commit.LOC.Churn";223;"haar";1;6972,07286249936;3
"548";4;4;"Commit.LOC.Churn";223;"haar";1;-1902,824348173;3
"549";1;1;"Commit.LOC.Churn";55;"haar";1;364910,939712692;3
"550";2;2;"Commit.LOC.Churn";55;"haar";1;-171074,586213149;3
"551";3;3;"Commit.LOC.Churn";55;"haar";1;474925,44115682;3
"552";4;4;"Commit.LOC.Churn";55;"haar";1;83883,3703453789;3
"553";5;5;"Commit.LOC.Churn";55;"haar";1;-296141,976815176;3
"554";6;6;"Commit.LOC.Churn";55;"haar";1;130991,531214808;3
"555";7;7;"Commit.LOC.Churn";55;"haar";1;-54042,7570725255;3
"556";8;1;"Commit.LOC.Churn";55;"haar";2;480467;2
"557";9;2;"Commit.LOC.Churn";55;"haar";2;-290771,5;2
"558";10;3;"Commit.LOC.Churn";55;"haar";2;-133939;2
"559";1;1;"Commit.LOC.Churn";762;"haar";1;16090,9219126811;3
"560";2;2;"Commit.LOC.Churn";762;"haar";1;-3161,47441868505;3
"561";3;3;"Commit.LOC.Churn";762;"haar";1;-46770,1638280218;3
"562";4;4;"Commit.LOC.Churn";762;"haar";1;1243,80082810714;3
"563";5;5;"Commit.LOC.Churn";762;"haar";1;5627,86287146373;3
"564";1;1;"Commit.LOC.Churn";395;"haar";1;1474090,65749719;3
"565";2;2;"Commit.LOC.Churn";395;"haar";1;-161885,733591629;3
"566";3;3;"Commit.LOC.Churn";395;"haar";1;-58886,4385236533;3
"567";4;4;"Commit.LOC.Churn";395;"haar";1;-2119,19902321608;3
"568";5;5;"Commit.LOC.Churn";395;"haar";1;8527,00067432858;3
"569";1;1;"Commit.LOC.Churn";69;"haar";1;-9089,15056537188;4
"570";2;2;"Commit.LOC.Churn";69;"haar";1;27092,0892143814;4
"571";3;3;"Commit.LOC.Churn";69;"haar";1;-483148,385915238;4
"572";4;4;"Commit.LOC.Churn";69;"haar";1;2928,83628767468;4
"573";5;5;"Commit.LOC.Churn";69;"haar";1;231581,713479281;4
"574";6;6;"Commit.LOC.Churn";69;"haar";1;4782,16316116462;4
"575";7;7;"Commit.LOC.Churn";69;"haar";1;-1122153,71300571;4
"576";8;8;"Commit.LOC.Churn";69;"haar";1;-26918,8480529907;4
"577";9;9;"Commit.LOC.Churn";69;"haar";1;-3201,0723984315;4
"578";10;10;"Commit.LOC.Churn";69;"haar";1;-7125,51503401684;4
"579";11;11;"Commit.LOC.Churn";69;"haar";1;187263,795968415;4
"580";12;1;"Commit.LOC.Churn";69;"haar";2;352464,5;3
"581";13;2;"Commit.LOC.Churn";69;"haar";2;167938;3
"582";14;3;"Commit.LOC.Churn";69;"haar";2;724900;3
"583";15;4;"Commit.LOC.Churn";69;"haar";2;-32046;3
"584";16;5;"Commit.LOC.Churn";69;"haar";2;51966;3
"585";1;1;"Commit.LOC.Churn";208;"haar";1;-2715,29003975635;3
"586";2;2;"Commit.LOC.Churn";208;"haar";1;21744,9477350487;3
"587";3;3;"Commit.LOC.Churn";208;"haar";1;-194210,412986791;3
"588";4;4;"Commit.LOC.Churn";208;"haar";1;128649,593555518;3
"589";1;1;"Commit.LOC.Churn";355;"haar";1;770144,643622547;2
"590";2;2;"Commit.LOC.Churn";355;"haar";1;-704434,624660444;2
"591";3;3;"Commit.LOC.Churn";355;"haar";1;-217948,694738005;2
"592";1;1;"Commit.LOC.Churn";353;"haar";1;-6295,37167290384;2
"593";2;2;"Commit.LOC.Churn";353;"haar";1;12869,3434175952;2
"594";3;3;"Commit.LOC.Churn";353;"haar";1;-47364,1335242185;2
"595";1;1;"Commit.LOC.Churn";3510;"haar";1;584321,224167409;4
"596";2;2;"Commit.LOC.Churn";3510;"haar";1;33802,5325678417;4
"597";3;3;"Commit.LOC.Churn";3510;"haar";1;-431106,03392669;4
"598";4;4;"Commit.LOC.Churn";3510;"haar";1;35900,5183876222;4
"599";5;5;"Commit.LOC.Churn";3510;"haar";1;20566,2007308107;4
"600";6;6;"Commit.LOC.Churn";3510;"haar";1;-21337,6542290853;4
"601";7;7;"Commit.LOC.Churn";3510;"haar";1;31536,2553341388;4
"602";8;8;"Commit.LOC.Churn";3510;"haar";1;-16350,4301013765;4
"603";9;1;"Commit.LOC.Churn";3510;"haar";2;-312817,5;3
"604";10;2;"Commit.LOC.Churn";3510;"haar";2;-339478,5;3
"605";11;3;"Commit.LOC.Churn";3510;"haar";2;-21150,5;3
"606";12;4;"Commit.LOC.Churn";3510;"haar";2;-5769;3
"607";1;1;"Commit.LOC.Churn";481;"haar";1;49,4974746830583;3
"608";2;2;"Commit.LOC.Churn";481;"haar";1;800536,800184726;3
"609";3;3;"Commit.LOC.Churn";481;"haar";1;-2428730,06693303;3
"610";4;4;"Commit.LOC.Churn";481;"haar";1;-37383,3213077704;3
"611";1;1;"Commit.LOC.Churn";630;"haar";1;240836,327031451;3
"612";2;2;"Commit.LOC.Churn";630;"haar";1;53412,7249304882;3
"613";3;3;"Commit.LOC.Churn";630;"haar";1;-498520,180231453;3
"614";4;4;"Commit.LOC.Churn";630;"haar";1;-58263,477449428;3
"615";5;5;"Commit.LOC.Churn";630;"haar";1;-221305,330628297;3
"616";6;6;"Commit.LOC.Churn";630;"haar";1;-16815,7063633973;3
"617";7;1;"Commit.LOC.Churn";630;"haar";2;-77277,5;2
"618";8;2;"Commit.LOC.Churn";630;"haar";2;-370433,5;2
"619";9;3;"Commit.LOC.Churn";630;"haar";2;-171413;2
"620";1;1;"Commit.LOC.Churn";480;"haar";1;4,24264068711928;4
"621";2;2;"Commit.LOC.Churn";480;"haar";1;1386,63639790682;4
"622";3;3;"Commit.LOC.Churn";480;"haar";1;-1436346,00462423;4
"623";4;4;"Commit.LOC.Churn";480;"haar";1;43617,8817974922;4
"624";5;5;"Commit.LOC.Churn";480;"haar";1;94919,1858793574;4
"625";6;6;"Commit.LOC.Churn";480;"haar";1;119901,975565459;4
"626";7;7;"Commit.LOC.Churn";480;"haar";1;-471188,381818249;4
"627";8;8;"Commit.LOC.Churn";480;"haar";1;241379,385039402;4
"628";9;9;"Commit.LOC.Churn";480;"haar";1;139183,363274854;4
"629";10;10;"Commit.LOC.Churn";480;"haar";1;-126855,663651648;4
"630";11;11;"Commit.LOC.Churn";480;"haar";1;306414,117025473;4
"631";12;12;"Commit.LOC.Churn";480;"haar";1;17546,147668363;4
"632";13;1;"Commit.LOC.Churn";480;"haar";2;2669,5;3
"633";14;2;"Commit.LOC.Churn";480;"haar";2;-994476,5;3
"634";15;3;"Commit.LOC.Churn";480;"haar";2;-113903,5;3
"635";16;4;"Commit.LOC.Churn";480;"haar";2;-98734,5;3
"636";17;5;"Commit.LOC.Churn";480;"haar";2;279182;3
"637";18;6;"Commit.LOC.Churn";480;"haar";2;-525190,5;3
"638";19;1;"Commit.LOC.Churn";480;"haar";3;746590,209634442;2
"639";20;2;"Commit.LOC.Churn";480;"haar";3;601955,760183421;2
"640";21;3;"Commit.LOC.Churn";480;"haar";3;70645,270741395;2
"641";1;1;"Commit.LOC.Churn";486;"haar";1;-38673,7911834358;3
"642";2;2;"Commit.LOC.Churn";486;"haar";1;632388,221832127;3
"643";3;3;"Commit.LOC.Churn";486;"haar";1;-178131,51188939;3
"644";4;4;"Commit.LOC.Churn";486;"haar";1;-60217,9205926276;3
"645";1;1;"Commit.LOC.Churn";17;"haar";1;33088,3547188433;3
"646";2;2;"Commit.LOC.Churn";17;"haar";1;-161561,878685846;3
"647";3;3;"Commit.LOC.Churn";17;"haar";1;-34456,6063404393;3
"648";4;4;"Commit.LOC.Churn";17;"haar";1;-91349,0037411465;3
"649";5;5;"Commit.LOC.Churn";17;"haar";1;-15698,4776491225;3
"650";6;6;"Commit.LOC.Churn";17;"haar";1;-4498,61334190881;3
"651";7;1;"Commit.LOC.Churn";17;"haar";2;212060,5;2
"652";8;2;"Commit.LOC.Churn";17;"haar";2;43353;2
"653";9;3;"Commit.LOC.Churn";17;"haar";2;-45982,5;2
"654";1;1;"Commit.LOC.Churn";187;"haar";1;-7238,65211900669;3
"655";2;2;"Commit.LOC.Churn";187;"haar";1;-142605,760095797;3
"656";3;3;"Commit.LOC.Churn";187;"haar";1;-26084,4620511905;3
"657";4;4;"Commit.LOC.Churn";187;"haar";1;-201629,377335;3
"658";5;5;"Commit.LOC.Churn";187;"haar";1;36618,9388773077;3
"659";1;1;"Commit.LOC.Churn";797;"haar";1;63,6396103067893;4
"660";2;2;"Commit.LOC.Churn";797;"haar";1;37919,3082479098;4
"661";3;3;"Commit.LOC.Churn";797;"haar";1;163879,067607794;4
"662";4;4;"Commit.LOC.Churn";797;"haar";1;420407,508327337;4
"663";5;5;"Commit.LOC.Churn";797;"haar";1;558,614357137354;4
"664";6;6;"Commit.LOC.Churn";797;"haar";1;461036,449760754;4
"665";7;7;"Commit.LOC.Churn";797;"haar";1;57589,6046869572;4
"666";8;8;"Commit.LOC.Churn";797;"haar";1;40060,4275813427;4
"667";9;9;"Commit.LOC.Churn";797;"haar";1;65710,0189621035;4
"668";10;1;"Commit.LOC.Churn";797;"haar";2;135071;3
"669";11;2;"Commit.LOC.Churn";797;"haar";2;-277832;3
"670";12;3;"Commit.LOC.Churn";797;"haar";2;-407508;3
"671";13;4;"Commit.LOC.Churn";797;"haar";2;3650,99999999999;3
"672";1;1;"Commit.LOC.Churn";3179;"haar";1;133309,427243537;3
"673";2;2;"Commit.LOC.Churn";3179;"haar";1;290445,524585937;3
"674";3;3;"Commit.LOC.Churn";3179;"haar";1;283422,540035192;3
"675";4;4;"Commit.LOC.Churn";3179;"haar";1;38002,0397413086;3
"676";1;1;"Commit.LOC.Churn";3115;"haar";1;-64802,8009618411;4
"677";2;2;"Commit.LOC.Churn";3115;"haar";1;226115,778060709;4
"678";3;3;"Commit.LOC.Churn";3115;"haar";1;742289,586191265;4
"679";4;4;"Commit.LOC.Churn";3115;"haar";1;279346,069441652;4
"680";5;5;"Commit.LOC.Churn";3115;"haar";1;387244,907396469;4
"681";6;6;"Commit.LOC.Churn";3115;"haar";1;21491,8035073839;4
"682";7;7;"Commit.LOC.Churn";3115;"haar";1;3967,57614923772;4
"683";8;8;"Commit.LOC.Churn";3115;"haar";1;-191967,470276867;4
"684";9;1;"Commit.LOC.Churn";3115;"haar";2;-342465,5;3
"685";10;2;"Commit.LOC.Churn";3115;"haar";2;-676771,5;3
"686";11;3;"Commit.LOC.Churn";3115;"haar";2;-468515,5;3
"687";12;4;"Commit.LOC.Churn";3115;"haar";2;309809;3
"688";1;1;"Commit.LOC.Churn";423;"haar";1;256560,967631477;3
"689";2;2;"Commit.LOC.Churn";423;"haar";1;51009,9760880164;3
"690";3;3;"Commit.LOC.Churn";423;"haar";1;174385,967269445;3
"691";4;4;"Commit.LOC.Churn";423;"haar";1;-77923,8743935387;3
"692";5;5;"Commit.LOC.Churn";423;"haar";1;27001,5795463895;3
"693";1;1;"Commit.LOC.Churn";112;"haar";1;96467,7497301559;3
"694";2;2;"Commit.LOC.Churn";112;"haar";1;-247072,301734735;3
"695";3;3;"Commit.LOC.Churn";112;"haar";1;37799,8072018893;3
"696";4;4;"Commit.LOC.Churn";112;"haar";1;11090,969862911;3
"697";5;5;"Commit.LOC.Churn";112;"haar";1;2204,05183695847;3
"698";1;1;"Commit.LOC.Churn";272;"haar";1;22712,9769184931;3
"699";2;2;"Commit.LOC.Churn";272;"haar";1;9751,00251256249;3
"700";3;3;"Commit.LOC.Churn";272;"haar";1;25851,8239201802;3
"701";4;4;"Commit.LOC.Churn";272;"haar";1;272364,097084216;3
"702";1;1;"Commit.LOC.Churn";3188;"haar";1;15898,5888681983;4
"703";2;2;"Commit.LOC.Churn";3188;"haar";1;54102,8611489263;4
"704";3;3;"Commit.LOC.Churn";3188;"haar";1;918078,453314584;4
"705";4;4;"Commit.LOC.Churn";3188;"haar";1;-21925,9670710324;4
"706";5;5;"Commit.LOC.Churn";3188;"haar";1;-34813,6952649385;4
"707";6;6;"Commit.LOC.Churn";3188;"haar";1;-7971,92185109714;4
"708";7;7;"Commit.LOC.Churn";3188;"haar";1;-138524,339754788;4
"709";8;8;"Commit.LOC.Churn";3188;"haar";1;-130255,433055593;4
"710";9;9;"Commit.LOC.Churn";3188;"haar";1;161761,282798141;4
"711";10;10;"Commit.LOC.Churn";3188;"haar";1;-86117,1206671472;4
"712";11;1;"Commit.LOC.Churn";3188;"haar";2;157990,5;3
"713";12;2;"Commit.LOC.Churn";3188;"haar";2;71464,5;3
"714";13;3;"Commit.LOC.Churn";3188;"haar";2;-85075;3
"715";14;4;"Commit.LOC.Churn";3188;"haar";2;117651;3
"716";15;5;"Commit.LOC.Churn";3188;"haar";2;-478884,5;3
"717";1;1;"Commit.LOC.Churn";1541;"haar";1;53898,5072891634;4
"718";2;2;"Commit.LOC.Churn";1541;"haar";1;-16886,4170415159;4
"719";3;3;"Commit.LOC.Churn";1541;"haar";1;140331,704687501;4
"720";4;4;"Commit.LOC.Churn";1541;"haar";1;-224041,126764708;4
"721";5;5;"Commit.LOC.Churn";1541;"haar";1;110573,822908046;4
"722";6;6;"Commit.LOC.Churn";1541;"haar";1;45719,4031511786;4
"723";7;7;"Commit.LOC.Churn";1541;"haar";1;46928,5557470076;4
"724";8;8;"Commit.LOC.Churn";1541;"haar";1;-3377,14198694695;4
"725";9;1;"Commit.LOC.Churn";1541;"haar";2;-5563,5;3
"726";10;2;"Commit.LOC.Churn";1541;"haar";2;12414,4999999999;3
"727";11;3;"Commit.LOC.Churn";1541;"haar";2;-57249;3
"728";12;4;"Commit.LOC.Churn";1541;"haar";2;-58446,5;3
"729";1;1;"Commit.LOC.Churn";160;"haar";1;5554,32376622033;4
"730";2;2;"Commit.LOC.Churn";160;"haar";1;248162,660391325;4
"731";3;3;"Commit.LOC.Churn";160;"haar";1;1285,52012819714;4
"732";4;4;"Commit.LOC.Churn";160;"haar";1;4536,0900013117;4
"733";5;5;"Commit.LOC.Churn";160;"haar";1;125909,55477842;4
"734";6;6;"Commit.LOC.Churn";160;"haar";1;-3008,03224716757;4
"735";7;7;"Commit.LOC.Churn";160;"haar";1;20852,5789771913;4
"736";8;8;"Commit.LOC.Churn";160;"haar";1;-17027,8383977532;4
"737";9;9;"Commit.LOC.Churn";160;"haar";1;40191,2423358622;4
"738";10;10;"Commit.LOC.Churn";160;"haar";1;24839,9541163022;4
"739";11;11;"Commit.LOC.Churn";160;"haar";1;2066,16601462709;4
"740";12;12;"Commit.LOC.Churn";160;"haar";1;-21170,069921944;4
"741";13;13;"Commit.LOC.Churn";160;"haar";1;14140,7214101686;4
"742";14;1;"Commit.LOC.Churn";160;"haar";2;-176032,5;3
"743";15;2;"Commit.LOC.Churn";160;"haar";2;82113;3
"744";16;3;"Commit.LOC.Churn";160;"haar";2;9220;3
"745";17;4;"Commit.LOC.Churn";160;"haar";2;32390;3
"746";18;5;"Commit.LOC.Churn";160;"haar";2;62080,5;3
"747";19;6;"Commit.LOC.Churn";160;"haar";2;-2648,5;3
"748";20;1;"Commit.LOC.Churn";160;"haar";3;-55707,6399888292;2
"749";21;2;"Commit.LOC.Churn";160;"haar";3;28955,3155828079;2
"750";22;3;"Commit.LOC.Churn";160;"haar";3;-44629,0444945889;2
"751";1;1;"Commit.LOC.Churn";282;"haar";1;16414,7768184645;3
"752";2;2;"Commit.LOC.Churn";282;"haar";1;8441,440753805;3
"753";3;3;"Commit.LOC.Churn";282;"haar";1;1557,75623895397;3
"754";4;4;"Commit.LOC.Churn";282;"haar";1;46674,7044125616;3
"755";1;1;"Commit.LOC.Churn";403;"haar";1;1859,69083452062;3
"756";2;2;"Commit.LOC.Churn";403;"haar";1;87162,9315965221;3
"757";3;3;"Commit.LOC.Churn";403;"haar";1;42891,6831332136;3
"758";4;4;"Commit.LOC.Churn";403;"haar";1;73388,4914990082;3
"759";5;5;"Commit.LOC.Churn";403;"haar";1;-77124,8437307979;3
"760";1;1;"Commit.LOC.Churn";155;"haar";1;32188,914893174;3
"761";2;2;"Commit.LOC.Churn";155;"haar";1;113101,022544007;3
"762";3;3;"Commit.LOC.Churn";155;"haar";1;-449,012806053463;3
"763";4;4;"Commit.LOC.Churn";155;"haar";1;-27348,0618691709;3
"764";5;5;"Commit.LOC.Churn";155;"haar";1;-7257,74400209871;3
"765";1;1;"Commit.LOC.Churn";775;"haar";1;9868,38223823946;3
"766";2;2;"Commit.LOC.Churn";775;"haar";1;-11576,7522215862;3
"767";3;3;"Commit.LOC.Churn";775;"haar";1;-18883,2865915868;3
"768";4;4;"Commit.LOC.Churn";775;"haar";1;13421,5938137019;3
"769";5;5;"Commit.LOC.Churn";775;"haar";1;-12995,9155314276;3
"770";6;6;"Commit.LOC.Churn";775;"haar";1;473,054436613801;3
"771";7;7;"Commit.LOC.Churn";775;"haar";1;68,5893577750951;3
"772";8;1;"Commit.LOC.Churn";775;"haar";2;-5527,5;2
"773";9;2;"Commit.LOC.Churn";775;"haar";2;-20136;2
"774";10;3;"Commit.LOC.Churn";775;"haar";2;-3356;2
"775";1;1;"Commit.LOC.Churn";343;"haar";1;37334,5309398685;2
"776";2;2;"Commit.LOC.Churn";343;"haar";1;165098,11969856;2
"777";3;3;"Commit.LOC.Churn";343;"haar";1;-189887,162126617;2
"778";1;1;"Commit.LOC.Churn";153;"haar";1;-454904,419754304;2
"779";2;2;"Commit.LOC.Churn";153;"haar";1;-356556,473092973;2
"780";3;3;"Commit.LOC.Churn";153;"haar";1;37584,1396336274;2
"781";1;1;"Commit.LOC.Churn";579;"haar";1;397681,096380001;3
"782";2;2;"Commit.LOC.Churn";579;"haar";1;-1909098,50664247;3
"783";3;3;"Commit.LOC.Churn";579;"haar";1;-384928,425581302;3
"784";4;4;"Commit.LOC.Churn";579;"haar";1;29605,1467147184;3
"785";5;5;"Commit.LOC.Churn";579;"haar";1;25386,5476581594;3
"786";1;1;"Commit.LOC.Churn";270;"haar";1;-42775,717621099;3
"787";2;2;"Commit.LOC.Churn";270;"haar";1;42695,1074480437;3
"788";3;3;"Commit.LOC.Churn";270;"haar";1;50667,7364059221;3
"789";4;4;"Commit.LOC.Churn";270;"haar";1;-394762,866694045;3
"790";1;1;"Commit.LOC.Churn";51;"haar";1;322260,379991863;2
"791";2;2;"Commit.LOC.Churn";51;"haar";1;-103405,881467158;2
"792";3;3;"Commit.LOC.Churn";51;"haar";1;-174670,224195482;2
"793";1;1;"Commit.LOC.Churn";3169;"haar";1;-325862,381935227;3
"794";2;2;"Commit.LOC.Churn";3169;"haar";1;-487678,8190623;3
"795";3;3;"Commit.LOC.Churn";3169;"haar";1;-1887478,00970091;3
"796";4;4;"Commit.LOC.Churn";3169;"haar";1;19320,2785823601;3
"797";1;1;"Commit.LOC.Churn";49;"haar";1;45100,6847176404;3
"798";2;2;"Commit.LOC.Churn";49;"haar";1;-37234,12177694;3
"799";3;3;"Commit.LOC.Churn";49;"haar";1;-95377,3910735663;3
"800";4;4;"Commit.LOC.Churn";49;"haar";1;13034,0992976116;3
"801";1;1;"Commit.LOC.Churn";47;"haar";1;163568,647730853;3
"802";2;2;"Commit.LOC.Churn";47;"haar";1;299101,218694441;3
"803";3;3;"Commit.LOC.Churn";47;"haar";1;28375,4880222349;3
"804";4;4;"Commit.LOC.Churn";47;"haar";1;-292481,285008973;3
"805";5;5;"Commit.LOC.Churn";47;"haar";1;21612,0116601856;3
"806";6;6;"Commit.LOC.Churn";47;"haar";1;7240,77343935025;3
"807";7;1;"Commit.LOC.Churn";47;"haar";2;230474;2
"808";8;2;"Commit.LOC.Churn";47;"haar";2;-117916;2
"809";9;3;"Commit.LOC.Churn";47;"haar";2;-366308;2
"810";1;1;"Commit.LOC.Churn";531;"haar";1;-24273,5615845718;3
"811";2;2;"Commit.LOC.Churn";531;"haar";1;189326,426449136;3
"812";3;3;"Commit.LOC.Churn";531;"haar";1;44590,1536216237;3
"813";4;4;"Commit.LOC.Churn";531;"haar";1;144823,954068379;3
"814";5;5;"Commit.LOC.Churn";531;"haar";1;-117191,635273171;3
"815";6;6;"Commit.LOC.Churn";531;"haar";1;-11527,2547469031;3
"816";7;7;"Commit.LOC.Churn";531;"haar";1;35455,7482222559;3
"817";8;1;"Commit.LOC.Churn";531;"haar";2;-63882;2
"818";9;2;"Commit.LOC.Churn";531;"haar";2;-113187;2
"819";10;3;"Commit.LOC.Churn";531;"haar";2;28140;2
"820";1;1;"Commit.LOC.Churn";302;"haar";1;141182,354145268;3
"821";2;2;"Commit.LOC.Churn";302;"haar";1;29376,0441176139;3
"822";3;3;"Commit.LOC.Churn";302;"haar";1;73152,3178340919;3
"823";4;4;"Commit.LOC.Churn";302;"haar";1;-166816,389176843;3
"824";5;5;"Commit.LOC.Churn";302;"haar";1;21771,1106859526;3
"825";6;6;"Commit.LOC.Churn";302;"haar";1;-130834,553509385;3
"826";7;7;"Commit.LOC.Churn";302;"haar";1;18750,3505167237;3
"827";8;1;"Commit.LOC.Churn";302;"haar";2;103496,5;2
"828";9;2;"Commit.LOC.Churn";302;"haar";2;-50511,4999999999;2
"829";10;3;"Commit.LOC.Churn";302;"haar";2;-127096,5;2
"830";1;1;"Commit.LOC.Churn";661;"haar";1;-45345,3436639309;3
"831";2;2;"Commit.LOC.Churn";661;"haar";1;7455,02679404977;3
"832";3;3;"Commit.LOC.Churn";661;"haar";1;-28531,051514096;3
"833";4;4;"Commit.LOC.Churn";661;"haar";1;90897,1625079683;3
"834";5;5;"Commit.LOC.Churn";661;"haar";1;-79123,8346012123;3
"835";6;6;"Commit.LOC.Churn";661;"haar";1;13558,0654224709;3
"836";7;7;"Commit.LOC.Churn";661;"haar";1;20899,2480247496;3
"837";8;1;"Commit.LOC.Churn";661;"haar";2;-24905;2
"838";9;2;"Commit.LOC.Churn";661;"haar";2;-61837;2
"839";10;3;"Commit.LOC.Churn";661;"haar";2;1831;2
"840";1;1;"Commit.LOC.Churn";188;"haar";1;-763613,098284727;4
"841";2;2;"Commit.LOC.Churn";188;"haar";1;-127786,92328247;4
"842";3;3;"Commit.LOC.Churn";188;"haar";1;64241,358177579;4
"843";4;4;"Commit.LOC.Churn";188;"haar";1;-18907,3282221471;4
"844";5;5;"Commit.LOC.Churn";188;"haar";1;520553,627533225;4
"845";6;6;"Commit.LOC.Churn";188;"haar";1;160082,611299604;4
"846";7;7;"Commit.LOC.Churn";188;"haar";1;94695,7401365024;4
"847";8;8;"Commit.LOC.Churn";188;"haar";1;2772338,00064891;4
"848";9;9;"Commit.LOC.Churn";188;"haar";1;-1977431,18465599;4
"849";10;10;"Commit.LOC.Churn";188;"haar";1;-870760,281731143;4
"850";11;11;"Commit.LOC.Churn";188;"haar";1;258149,836568804;4
"851";12;1;"Commit.LOC.Churn";188;"haar";2;91058,5;3
"852";13;2;"Commit.LOC.Churn";188;"haar";2;403264,5;3
"853";14;3;"Commit.LOC.Churn";188;"haar";2;282665,5;3
"854";15;4;"Commit.LOC.Churn";188;"haar";2;-564602;3
"855";16;5;"Commit.LOC.Churn";188;"haar";2;-1762060;3
"856";1;1;"Commit.LOC.Churn";22;"haar";1;-25165,9303424292;5
"857";2;2;"Commit.LOC.Churn";22;"haar";1;6453,05648510843;5
"858";3;3;"Commit.LOC.Churn";22;"haar";1;-21852,4279657891;5
"859";4;4;"Commit.LOC.Churn";22;"haar";1;54766,8344164605;5
"860";5;5;"Commit.LOC.Churn";22;"haar";1;147386,509043399;5
"861";6;6;"Commit.LOC.Churn";22;"haar";1;-174879,527802713;5
"862";7;7;"Commit.LOC.Churn";22;"haar";1;-8087,18025643055;5
"863";8;8;"Commit.LOC.Churn";22;"haar";1;65958,9205490811;5
"864";9;9;"Commit.LOC.Churn";22;"haar";1;-60760,2714937977;5
"865";10;10;"Commit.LOC.Churn";22;"haar";1;-337065,781776347;5
"866";11;11;"Commit.LOC.Churn";22;"haar";1;-26512,2616538084;5
"867";12;12;"Commit.LOC.Churn";22;"haar";1;96350,370004479;5
"868";13;13;"Commit.LOC.Churn";22;"haar";1;549153,268405096;5
"869";14;14;"Commit.LOC.Churn";22;"haar";1;-76774,1187673294;5
"870";15;15;"Commit.LOC.Churn";22;"haar";1;257516,26889286;5
"871";16;16;"Commit.LOC.Churn";22;"haar";1;-257683,14609322;5
"872";17;17;"Commit.LOC.Churn";22;"haar";1;-105165,16313875;5
"873";18;18;"Commit.LOC.Churn";22;"haar";1;-54157,3083710777;5
"874";19;1;"Commit.LOC.Churn";22;"haar";2;-13250;4
"875";20;2;"Commit.LOC.Churn";22;"haar";2;122357;4
"876";21;3;"Commit.LOC.Churn";22;"haar";2;-106239,5;4
"877";22;4;"Commit.LOC.Churn";22;"haar";2;-26150,5;4
"878";23;5;"Commit.LOC.Churn";22;"haar";2;176712,5;4
"879";24;6;"Commit.LOC.Churn";22;"haar";2;-72029;4
"880";25;7;"Commit.LOC.Churn";22;"haar";2;-181525,5;4
"881";26;8;"Commit.LOC.Churn";22;"haar";2;155330;4
"882";27;9;"Commit.LOC.Churn";22;"haar";2;-15147;4
"883";28;1;"Commit.LOC.Churn";22;"haar";3;162579,051790583;3
"884";29;2;"Commit.LOC.Churn";22;"haar";3;131298,415557843;3
"885";30;3;"Commit.LOC.Churn";22;"haar";3;330430,645295083;3
"886";31;4;"Commit.LOC.Churn";22;"haar";3;-355410,25300067;3
"887";1;1;"Commit.LOC.Churn";3166;"haar";1;14237,5950391911;3
"888";2;2;"Commit.LOC.Churn";3166;"haar";1;-119209,010919897;3
"889";3;3;"Commit.LOC.Churn";3166;"haar";1;-250449,443721682;3
"890";4;4;"Commit.LOC.Churn";3166;"haar";1;-122122,997965166;3
"891";5;5;"Commit.LOC.Churn";3166;"haar";1;134589,290517485;3
"892";1;1;"Commit.LOC.Churn";379;"haar";1;45013,0034767732;2
"893";2;2;"Commit.LOC.Churn";379;"haar";1;-133300,234855382;2
"894";3;3;"Commit.LOC.Churn";379;"haar";1;-28010,6209231427;2
"895";1;1;"Commit.LOC.Churn";94;"haar";1;-15310,9831330323;3
"896";2;2;"Commit.LOC.Churn";94;"haar";1;-100739,381795304;3
"897";3;3;"Commit.LOC.Churn";94;"haar";1;482521,182200326;3
"898";4;4;"Commit.LOC.Churn";94;"haar";1;-21083,8028946393;3
"899";5;5;"Commit.LOC.Churn";94;"haar";1;-321189,113218365;3
"900";6;6;"Commit.LOC.Churn";94;"haar";1;90071,9688943236;3
"901";7;1;"Commit.LOC.Churn";94;"haar";2;64982;2
"902";8;2;"Commit.LOC.Churn";94;"haar";2;9231,5;2
"903";9;3;"Commit.LOC.Churn";94;"haar";2;-683892,5;2
"904";1;1;"Commit.LOC.Churn";974;"haar";1;61407,2741985833;4
"905";2;2;"Commit.LOC.Churn";974;"haar";1;-284706,645949827;4
"906";3;3;"Commit.LOC.Churn";974;"haar";1;1772,00959365349;4
"907";4;4;"Commit.LOC.Churn";974;"haar";1;187160,558378361;4
"908";5;5;"Commit.LOC.Churn";974;"haar";1;745738,853069893;4
"909";6;6;"Commit.LOC.Churn";974;"haar";1;2922136,45092294;4
"910";7;7;"Commit.LOC.Churn";974;"haar";1;536400,597606397;4
"911";8;8;"Commit.LOC.Churn";974;"haar";1;139420,951153333;4
"912";9;1;"Commit.LOC.Churn";974;"haar";2;394109,5;3
"913";10;2;"Commit.LOC.Churn";974;"haar";2;169899,5;3
"914";11;3;"Commit.LOC.Churn";974;"haar";2;1835847,5;3
"915";12;4;"Commit.LOC.Churn";974;"haar";2;-970175;3
"916";1;1;"Commit.LOC.Churn";25;"haar";1;-10132,8401744032;4
"917";2;2;"Commit.LOC.Churn";25;"haar";1;-27852,2290041569;4
"918";3;3;"Commit.LOC.Churn";25;"haar";1;16066,1731753395;4
"919";4;4;"Commit.LOC.Churn";25;"haar";1;79434,9615849344;4
"920";5;5;"Commit.LOC.Churn";25;"haar";1;-81934,5840564288;4
"921";6;6;"Commit.LOC.Churn";25;"haar";1;70404,500882401;4
"922";7;7;"Commit.LOC.Churn";25;"haar";1;424,97117549312;4
"923";8;8;"Commit.LOC.Churn";25;"haar";1;230446,807095477;4
"924";9;9;"Commit.LOC.Churn";25;"haar";1;401859,390350033;4
"925";10;10;"Commit.LOC.Churn";25;"haar";1;279006,658186682;4
"926";11;11;"Commit.LOC.Churn";25;"haar";1;137788,948702354;4
"927";12;12;"Commit.LOC.Churn";25;"haar";1;147991,085341314;4
"928";13;13;"Commit.LOC.Churn";25;"haar";1;-89337,2849486708;4
"929";14;14;"Commit.LOC.Churn";25;"haar";1;-26634,5911269537;4
"930";15;1;"Commit.LOC.Churn";25;"haar";2;19755,5;3
"931";16;2;"Commit.LOC.Churn";25;"haar";2;11186,5;3
"932";17;3;"Commit.LOC.Churn";25;"haar";2;95257;3
"933";18;4;"Commit.LOC.Churn";25;"haar";2;193421;3
"934";19;5;"Commit.LOC.Churn";25;"haar";2;-415124;3
"935";20;6;"Commit.LOC.Churn";25;"haar";2;-2547;3
"936";21;7;"Commit.LOC.Churn";25;"haar";2;-62513,5;3
"937";22;1;"Commit.LOC.Churn";25;"haar";3;106926,212577296;2
"938";23;2;"Commit.LOC.Churn";25;"haar";3;317910,259074003;2
"939";24;3;"Commit.LOC.Churn";25;"haar";3;-16571,4009704973;2
"940";1;1;"Commit.LOC.Churn";4;"haar";1;91145,3569881648;6
"941";2;2;"Commit.LOC.Churn";4;"haar";1;-14325,2762800583;6
"942";3;3;"Commit.LOC.Churn";4;"haar";1;50666,3221923597;6
"943";4;4;"Commit.LOC.Churn";4;"haar";1;9871,91777214539;6
"944";5;5;"Commit.LOC.Churn";4;"haar";1;75164,7437333488;6
"945";6;6;"Commit.LOC.Churn";4;"haar";1;159880,378760184;6
"946";7;7;"Commit.LOC.Churn";4;"haar";1;228,395490323252;6
"947";8;8;"Commit.LOC.Churn";4;"haar";1;21633,9319704024;6
"948";9;9;"Commit.LOC.Churn";4;"haar";1;188731,749646158;6
"949";10;10;"Commit.LOC.Churn";4;"haar";1;11979,0959800813;6
"950";11;11;"Commit.LOC.Churn";4;"haar";1;-53706,1742446806;6
"951";12;12;"Commit.LOC.Churn";4;"haar";1;3454237,83929972;6
"952";13;13;"Commit.LOC.Churn";4;"haar";1;932571,313901784;6
"953";14;14;"Commit.LOC.Churn";4;"haar";1;-168152,820993286;6
"954";15;15;"Commit.LOC.Churn";4;"haar";1;55263,9304836346;6
"955";16;16;"Commit.LOC.Churn";4;"haar";1;45628,1863764055;6
"956";17;17;"Commit.LOC.Churn";4;"haar";1;-22512,8656994173;6
"957";18;18;"Commit.LOC.Churn";4;"haar";1;64970,3852689824;6
"958";19;19;"Commit.LOC.Churn";4;"haar";1;12605,5925882126;6
"959";20;20;"Commit.LOC.Churn";4;"haar";1;-5941,11117552937;6
"960";21;21;"Commit.LOC.Churn";4;"haar";1;19184,5140803722;6
"961";22;22;"Commit.LOC.Churn";4;"haar";1;46231,3484607577;6
"962";23;23;"Commit.LOC.Churn";4;"haar";1;-603705,142360076;6
"963";24;24;"Commit.LOC.Churn";4;"haar";1;175880,791004874;6
"964";25;25;"Commit.LOC.Churn";4;"haar";1;-168012,813850611;6
"965";26;26;"Commit.LOC.Churn";4;"haar";1;-167886,94884356;6
"966";27;27;"Commit.LOC.Churn";4;"haar";1;-43504,0376057212;6
"967";28;28;"Commit.LOC.Churn";4;"haar";1;788453,75950781;6
"968";29;29;"Commit.LOC.Churn";4;"haar";1;515670,348102351;6
"969";30;30;"Commit.LOC.Churn";4;"haar";1;-390235,969080888;6
"970";31;31;"Commit.LOC.Churn";4;"haar";1;68413,9952933608;6
"971";32;32;"Commit.LOC.Churn";4;"haar";1;-11754,9431304452;6
"972";33;33;"Commit.LOC.Churn";4;"haar";1;41312,713690824;6
"973";34;34;"Commit.LOC.Churn";4;"haar";1;189702,607256727;6
"974";35;1;"Commit.LOC.Churn";4;"haar";2;-41558;5
"975";36;2;"Commit.LOC.Churn";4;"haar";2;-241463;5
"976";37;3;"Commit.LOC.Churn";4;"haar";2;154104;5
"977";38;4;"Commit.LOC.Churn";4;"haar";2;62593;5
"978";39;5;"Commit.LOC.Churn";4;"haar";2;-409365;5
"979";40;6;"Commit.LOC.Churn";4;"haar";2;2264089;5
"980";41;7;"Commit.LOC.Churn";4;"haar";2;-643034,5;5
"981";42;8;"Commit.LOC.Churn";4;"haar";2;-161106,5;5
"982";43;9;"Commit.LOC.Churn";4;"haar";2;81760;5
"983";44;10;"Commit.LOC.Churn";4;"haar";2;67170,5000000001;5
"984";45;11;"Commit.LOC.Churn";4;"haar";2;-286482;5
"985";46;12;"Commit.LOC.Churn";4;"haar";2;-290262,5;5
"986";47;13;"Commit.LOC.Churn";4;"haar";2;257940;5
"987";48;14;"Commit.LOC.Churn";4;"haar";2;596126;5
"988";49;15;"Commit.LOC.Churn";4;"haar";2;72199,5;5
"989";50;16;"Commit.LOC.Churn";4;"haar";2;-43088;5
"990";51;17;"Commit.LOC.Churn";4;"haar";2;72502,5;5
"991";52;1;"Commit.LOC.Churn";4;"haar";3;-50177,0042997786;4
"992";53;2;"Commit.LOC.Churn";4;"haar";3;123947,333460628;4
"993";54;3;"Commit.LOC.Churn";4;"haar";3;-1247744,00907242;4
"994";55;4;"Commit.LOC.Churn";4;"haar";3;-22859,7015755892;4
"995";56;5;"Commit.LOC.Churn";4;"haar";3;5061,1167863427;4
"996";57;6;"Commit.LOC.Churn";4;"haar";3;28397,7618858424;4
"997";58;7;"Commit.LOC.Churn";4;"haar";3;-135371,704170868;4
"998";59;8;"Commit.LOC.Churn";4;"haar";3;-11557,3067851035;4
"999";60;1;"Commit.LOC.Churn";4;"haar";4;165758,5;3
"1000";61;2;"Commit.LOC.Churn";4;"haar";4;-1606478,5;3
"1001";62;3;"Commit.LOC.Churn";4;"haar";4;-15762,5000000002;3
"1002";63;4;"Commit.LOC.Churn";4;"haar";4;-777956;3
"1003";1;1;"Commit.LOC.Churn";110;"haar";1;-29675,857392837;4
"1004";2;2;"Commit.LOC.Churn";110;"haar";1;-33818,796023809;4
"1005";3;3;"Commit.LOC.Churn";110;"haar";1;195814,131166522;4
"1006";4;4;"Commit.LOC.Churn";110;"haar";1;32905,214062516;4
"1007";5;5;"Commit.LOC.Churn";110;"haar";1;-109631,956675506;4
"1008";6;6;"Commit.LOC.Churn";110;"haar";1;-136641,314396488;4
"1009";7;7;"Commit.LOC.Churn";110;"haar";1;-162804,972407172;4
"1010";8;8;"Commit.LOC.Churn";110;"haar";1;-9258,14908607549;4
"1011";9;9;"Commit.LOC.Churn";110;"haar";1;26124,7671377182;4
"1012";10;1;"Commit.LOC.Churn";110;"haar";2;132900;3
"1013";11;2;"Commit.LOC.Churn";110;"haar";2;-64579;3
"1014";12;3;"Commit.LOC.Churn";110;"haar";2;-23777,5;3
"1015";13;4;"Commit.LOC.Churn";110;"haar";2;-110126,5;3
"1016";1;1;"Commit.LOC.Churn";48;"haar";1;4616,70017436697;2
"1017";2;2;"Commit.LOC.Churn";48;"haar";1;10064,2508166281;2
"1018";3;3;"Commit.LOC.Churn";48;"haar";1;-4339,51431614184;2
"1019";1;1;"Commit.LOC.Churn";465;"haar";1;75456,7788339789;2
"1020";2;2;"Commit.LOC.Churn";465;"haar";1;17783,0284400605;2
"1021";3;3;"Commit.LOC.Churn";465;"haar";1;9828,78425849301;2
"1022";1;1;"Commit.LOC.Churn";449;"haar";1;3587,85980774054;3
"1023";2;2;"Commit.LOC.Churn";449;"haar";1;-3761,80807591243;3
"1024";3;3;"Commit.LOC.Churn";449;"haar";1;-67189,2863483457;3
"1025";4;4;"Commit.LOC.Churn";449;"haar";1;20892,1769569377;3
"1026";1;1;"Commit.LOC.Churn";176;"haar";1;-179670,883352033;2
"1027";2;2;"Commit.LOC.Churn";176;"haar";1;132802,431681427;2
"1028";3;3;"Commit.LOC.Churn";176;"haar";1;-160400,809351138;2
"1029";1;1;"Commit.LOC.Churn";175;"haar";1;248152,053789607;2
"1030";2;2;"Commit.LOC.Churn";175;"haar";1;92761,0959831761;2
"1031";3;3;"Commit.LOC.Churn";175;"haar";1;-426232,653990752;2
"1032";1;1;"Commit.LOC.Churn";243;"haar";1;41572,2218795195;3
"1033";2;2;"Commit.LOC.Churn";243;"haar";1;-41213,0116346767;3
"1034";3;3;"Commit.LOC.Churn";243;"haar";1;-121644,993781084;3
"1035";4;4;"Commit.LOC.Churn";243;"haar";1;-133653,788245975;3
"1036";5;5;"Commit.LOC.Churn";243;"haar";1;10659,6347263872;3
"1037";1;1;"Commit.LOC.Churn";159;"haar";1;245072,60375754;2
"1038";2;2;"Commit.LOC.Churn";159;"haar";1;10953,0840405796;2
"1039";3;3;"Commit.LOC.Churn";159;"haar";1;-111245,574350174;2
"1040";1;1;"Commit.LOC.Churn";144;"haar";1;851448,488430157;4
"1041";2;2;"Commit.LOC.Churn";144;"haar";1;1542,90699654905;4
"1042";3;3;"Commit.LOC.Churn";144;"haar";1;17981,7254455739;4
"1043";4;4;"Commit.LOC.Churn";144;"haar";1;319504,784865579;4
"1044";5;5;"Commit.LOC.Churn";144;"haar";1;-31029,9668788093;4
"1045";6;6;"Commit.LOC.Churn";144;"haar";1;-158739,81552213;4
"1046";7;7;"Commit.LOC.Churn";144;"haar";1;-37471,0025486375;4
"1047";8;8;"Commit.LOC.Churn";144;"haar";1;936,209378290991;4
"1048";9;9;"Commit.LOC.Churn";144;"haar";1;-9731,91062947045;4
"1049";10;10;"Commit.LOC.Churn";144;"haar";1;30829,1485529523;4
"1050";11;11;"Commit.LOC.Churn";144;"haar";1;9130,86986546189;4
"1051";12;12;"Commit.LOC.Churn";144;"haar";1;180648,812030414;4
"1052";13;1;"Commit.LOC.Churn";144;"haar";2;-528989;3
"1053";14;2;"Commit.LOC.Churn";144;"haar";2;411727;3
"1054";15;3;"Commit.LOC.Churn";144;"haar";2;25567,5;3
"1055";16;4;"Commit.LOC.Churn";144;"haar";2;-14924;3
"1056";17;5;"Commit.LOC.Churn";144;"haar";2;50117;3
"1057";18;6;"Commit.LOC.Churn";144;"haar";2;107796,5;3
"1058";19;1;"Commit.LOC.Churn";144;"haar";3;-126628,682374887;2
"1059";20;2;"Commit.LOC.Churn";144;"haar";3;-160756,837615465;2
"1060";21;3;"Commit.LOC.Churn";144;"haar";3;59825,1227756785;2
"1061";1;1;"Commit.LOC.Churn";392;"haar";1;58322,1673122664;3
"1062";2;2;"Commit.LOC.Churn";392;"haar";1;126824,550953276;3
"1063";3;3;"Commit.LOC.Churn";392;"haar";1;877314,454485961;3
"1064";4;4;"Commit.LOC.Churn";392;"haar";1;-277629,214176931;3
"1065";1;1;"Commit.LOC.Churn";568;"haar";1;79460,4174290571;3
"1066";2;2;"Commit.LOC.Churn";568;"haar";1;-5378,25417770488;3
"1067";3;3;"Commit.LOC.Churn";568;"haar";1;-242498,027967239;3
"1068";4;4;"Commit.LOC.Churn";568;"haar";1;75337,2777879583;3
"1069";1;1;"Commit.LOC.Churn";158;"haar";1;697808,327013944;3
"1070";2;2;"Commit.LOC.Churn";158;"haar";1;-16728,0251225302;3
"1071";3;3;"Commit.LOC.Churn";158;"haar";1;-2224,55793361288;3
"1072";4;4;"Commit.LOC.Churn";158;"haar";1;-10527,4057583053;3
"1073";5;5;"Commit.LOC.Churn";158;"haar";1;440760,162810229;3
"1074";1;1;"Commit.LOC.Churn";1095;"haar";1;46004,3671839968;3
"1075";2;2;"Commit.LOC.Churn";1095;"haar";1;-741,047906683496;3
"1076";3;3;"Commit.LOC.Churn";1095;"haar";1;168677,494224926;3
"1077";4;4;"Commit.LOC.Churn";1095;"haar";1;-1213,39523651611;3
"1078";5;5;"Commit.LOC.Churn";1095;"haar";1;358384,34412234;3
"1079";1;1;"Commit.LOC.Churn";571;"haar";1;119344,068315103;3
"1080";2;2;"Commit.LOC.Churn";571;"haar";1;522781,721000744;3
"1081";3;3;"Commit.LOC.Churn";571;"haar";1;-715007,285252745;3
"1082";4;4;"Commit.LOC.Churn";571;"haar";1;-623761,519101651;3
"1083";5;5;"Commit.LOC.Churn";571;"haar";1;272436,929082678;3
"1084";6;6;"Commit.LOC.Churn";571;"haar";1;884933,530053246;3
"1085";7;7;"Commit.LOC.Churn";571;"haar";1;-39923,9559725737;3
"1086";8;1;"Commit.LOC.Churn";571;"haar";2;737878;2
"1087";9;2;"Commit.LOC.Churn";571;"haar";2;-1084485;2
"1088";10;3;"Commit.LOC.Churn";571;"haar";2;-1313477;2
"1089";1;1;"Commit.LOC.Churn";28;"haar";1;57211,3025590224;5
"1090";2;2;"Commit.LOC.Churn";28;"haar";1;400,222438151585;5
"1091";3;3;"Commit.LOC.Churn";28;"haar";1;42733,2912142278;5
"1092";4;4;"Commit.LOC.Churn";28;"haar";1;-202776,304534085;5
"1093";5;5;"Commit.LOC.Churn";28;"haar";1;44436,7114501062;5
"1094";6;6;"Commit.LOC.Churn";28;"haar";1;12961,2672991494;5
"1095";7;7;"Commit.LOC.Churn";28;"haar";1;45836,7828768555;5
"1096";8;8;"Commit.LOC.Churn";28;"haar";1;74142,9744345342;5
"1097";9;9;"Commit.LOC.Churn";28;"haar";1;27717,1716089503;5
"1098";10;10;"Commit.LOC.Churn";28;"haar";1;52287,7180416204;5
"1099";11;11;"Commit.LOC.Churn";28;"haar";1;-35210,3821691841;5
"1100";12;12;"Commit.LOC.Churn";28;"haar";1;94376,1278714061;5
"1101";13;13;"Commit.LOC.Churn";28;"haar";1;40803,5968083697;5
"1102";14;14;"Commit.LOC.Churn";28;"haar";1;-88229,9557293326;5
"1103";15;15;"Commit.LOC.Churn";28;"haar";1;-30648,8363237497;5
"1104";16;16;"Commit.LOC.Churn";28;"haar";1;236426,809143972;5
"1105";17;17;"Commit.LOC.Churn";28;"haar";1;121084,258103603;5
"1106";18;18;"Commit.LOC.Churn";28;"haar";1;-54428,8373750533;5
"1107";19;19;"Commit.LOC.Churn";28;"haar";1;63180,6980057992;5
"1108";20;20;"Commit.LOC.Churn";28;"haar";1;-266743,305280564;5
"1109";21;21;"Commit.LOC.Churn";28;"haar";1;-94817,3625028665;5
"1110";22;22;"Commit.LOC.Churn";28;"haar";1;10291,9392001702;5
"1111";23;23;"Commit.LOC.Churn";28;"haar";1;40022,9509219398;5
"1112";24;24;"Commit.LOC.Churn";28;"haar";1;-81484,8641435942;5
"1113";25;25;"Commit.LOC.Churn";28;"haar";1;633821,527277592;5
"1114";26;26;"Commit.LOC.Churn";28;"haar";1;-68216,0053946286;5
"1115";27;27;"Commit.LOC.Churn";28;"haar";1;-69855,7860202002;5
"1116";28;1;"Commit.LOC.Churn";28;"haar";2;23860;4
"1117";29;2;"Commit.LOC.Churn";28;"haar";2;-120082;4
"1118";30;3;"Commit.LOC.Churn";28;"haar";2;122106,5;4
"1119";31;4;"Commit.LOC.Churn";28;"haar";2;-51697;4
"1120";32;5;"Commit.LOC.Churn";28;"haar";2;21626,5;4
"1121";33;6;"Commit.LOC.Churn";28;"haar";2;113113,5;4
"1122";34;7;"Commit.LOC.Churn";28;"haar";2;-47656;4
"1123";35;8;"Commit.LOC.Churn";28;"haar";2;-39814,5;4
"1124";36;9;"Commit.LOC.Churn";28;"haar";2;14709,5;4
"1125";37;10;"Commit.LOC.Churn";28;"haar";2;167010;4
"1126";38;11;"Commit.LOC.Churn";28;"haar";2;111819;4
"1127";39;12;"Commit.LOC.Churn";28;"haar";2;349858;4
"1128";40;13;"Commit.LOC.Churn";28;"haar";2;-49892,5;4
"1129";41;1;"Commit.LOC.Churn";28;"haar";3;-12859,7974760491;3
"1130";42;2;"Commit.LOC.Churn";28;"haar";3;-37515,1967224617;3
"1131";43;3;"Commit.LOC.Churn";28;"haar";3;-128520,546567952;3
"1132";44;4;"Commit.LOC.Churn";28;"haar";3;-173891,699629396;3
"1133";45;5;"Commit.LOC.Churn";28;"haar";3;-348190,692764755;3
"1134";46;6;"Commit.LOC.Churn";28;"haar";3;-214917,681520449;3
"1135";47;1;"Commit.LOC.Churn";28;"haar";4;-53108;2
"1136";48;2;"Commit.LOC.Churn";28;"haar";4;81857,7499999999;2
"1137";49;3;"Commit.LOC.Churn";28;"haar";4;56547,2499999999;2
"1138";1;1;"Commit.LOC.Churn";30;"haar";1;355533,289580596;2
"1139";2;2;"Commit.LOC.Churn";30;"haar";1;58586,6252484302;2
"1140";3;3;"Commit.LOC.Churn";30;"haar";1;-203221,781806233;2
"1141";1;1;"Commit.LOC.Churn";91;"haar";1;116794,948368926;2
"1142";2;2;"Commit.LOC.Churn";91;"haar";1;-245634,046541802;2
"1143";3;3;"Commit.LOC.Churn";91;"haar";1;9032,58202287696;2
"1144";1;1;"Commit.LOC.Churn";63;"haar";1;-395,979797464467;5
"1145";2;2;"Commit.LOC.Churn";63;"haar";1;88434,3095890956;5
"1146";3;3;"Commit.LOC.Churn";63;"haar";1;67795,9839666038;5
"1147";4;4;"Commit.LOC.Churn";63;"haar";1;-243746,071436034;5
"1148";5;5;"Commit.LOC.Churn";63;"haar";1;33349,2771211011;5
"1149";6;6;"Commit.LOC.Churn";63;"haar";1;9135,81961293019;5
"1150";7;7;"Commit.LOC.Churn";63;"haar";1;-6946,61701837664;5
"1151";8;8;"Commit.LOC.Churn";63;"haar";1;-23702,2193053731;5
"1152";9;9;"Commit.LOC.Churn";63;"haar";1;-2269,81276760882;5
"1153";10;10;"Commit.LOC.Churn";63;"haar";1;-910014,607581933;5
"1154";11;11;"Commit.LOC.Churn";63;"haar";1;13340,2765338654;5
"1155";12;12;"Commit.LOC.Churn";63;"haar";1;77909,732257915;5
"1156";13;13;"Commit.LOC.Churn";63;"haar";1;-19526,0466556853;5
"1157";14;14;"Commit.LOC.Churn";63;"haar";1;48074,0687325298;5
"1158";15;15;"Commit.LOC.Churn";63;"haar";1;-137781,170527761;5
"1159";16;16;"Commit.LOC.Churn";63;"haar";1;50594,1973006787;5
"1160";17;17;"Commit.LOC.Churn";63;"haar";1;-30126,991519234;5
"1161";18;18;"Commit.LOC.Churn";63;"haar";1;-36889,053667721;5
"1162";19;1;"Commit.LOC.Churn";63;"haar";2;70396,5;4
"1163";20;2;"Commit.LOC.Churn";63;"haar";2;163542,5;4
"1164";21;3;"Commit.LOC.Churn";63;"haar";2;-41720,5;4
"1165";22;4;"Commit.LOC.Churn";63;"haar";2;-25995;4
"1166";23;5;"Commit.LOC.Churn";63;"haar";2;636183,5;4
"1167";24;6;"Commit.LOC.Churn";63;"haar";2;51958,5;4
"1168";25;7;"Commit.LOC.Churn";63;"haar";2;11393,5;4
"1169";26;8;"Commit.LOC.Churn";63;"haar";2;-86661,5;4
"1170";27;9;"Commit.LOC.Churn";63;"haar";2;35382,5;4
"1171";28;1;"Commit.LOC.Churn";63;"haar";3;-194540,631853605;3
"1172";29;2;"Commit.LOC.Churn";63;"haar";3;487739,983798873;3
"1173";30;3;"Commit.LOC.Churn";63;"haar";3;-115980,361356999;3
"1174";31;4;"Commit.LOC.Churn";63;"haar";3;25195,6288272391;3
"1175";1;1;"Commit.LOC.Churn";70;"haar";1;4239,81225999454;2
"1176";2;2;"Commit.LOC.Churn";70;"haar";1;-3623,21514679987;2
"1177";3;3;"Commit.LOC.Churn";70;"haar";1;-8657,81542884809;2
"1178";1;1;"Commit.LOC.Churn";26506;"haar";1;10398,0052173482;2
"1179";2;2;"Commit.LOC.Churn";26506;"haar";1;3350,97903604305;2
"1180";3;3;"Commit.LOC.Churn";26506;"haar";1;1145,51298552221;2
"1181";1;1;"Commit.LOC.Churn";256;"haar";1;53451,6158034535;3
"1182";2;2;"Commit.LOC.Churn";256;"haar";1;21298,76335612;3
"1183";3;3;"Commit.LOC.Churn";256;"haar";1;-285309,100927398;3
"1184";4;4;"Commit.LOC.Churn";256;"haar";1;124406,952868399;3
"1185";5;5;"Commit.LOC.Churn";256;"haar";1;-21367,3527138951;3
"1186";1;1;"Commit.LOC.Churn";27;"haar";1;177810,485410732;3
"1187";2;2;"Commit.LOC.Churn";27;"haar";1;-70335,2044178447;3
"1188";3;3;"Commit.LOC.Churn";27;"haar";1;16681,3560749718;3
"1189";4;4;"Commit.LOC.Churn";27;"haar";1;-117477,306412771;3
"1190";5;5;"Commit.LOC.Churn";27;"haar";1;-87590,0240923588;3
"1191";6;6;"Commit.LOC.Churn";27;"haar";1;26986,7303039846;3
"1192";7;1;"Commit.LOC.Churn";27;"haar";2;454131,5;2
"1193";8;2;"Commit.LOC.Churn";27;"haar";2;414592,5;2
"1194";9;3;"Commit.LOC.Churn";27;"haar";2;-114130;2
"1195";1;1;"Commit.LOC.Churn";3123;"haar";1;6233,8533829406;3
"1196";2;2;"Commit.LOC.Churn";3123;"haar";1;345993,711995608;3
"1197";3;3;"Commit.LOC.Churn";3123;"haar";1;-244121,545136844;3
"1198";4;4;"Commit.LOC.Churn";3123;"haar";1;-57079,7806977217;3
"1199";1;1;"Commit.LOC.Churn";3182;"haar";1;-177638,658462903;2
"1200";2;2;"Commit.LOC.Churn";3182;"haar";1;-425880,514813721;2
"1201";3;3;"Commit.LOC.Churn";3182;"haar";1;-112947,58037249;2
"1202";1;1;"Commit.LOC.Churn";3962;"haar";1;23390,3852148698;2
"1203";2;2;"Commit.LOC.Churn";3962;"haar";1;48301,0500092907;2
"1204";3;3;"Commit.LOC.Churn";3962;"haar";1;-8920,85915144948;2
"1205";1;1;"Commit.LOC.Churn";26;"haar";1;-35944,3590080558;3
"1206";2;2;"Commit.LOC.Churn";26;"haar";1;77346,8752600905;3
"1207";3;3;"Commit.LOC.Churn";26;"haar";1;-133014,563715783;3
"1208";4;4;"Commit.LOC.Churn";26;"haar";1;145424,287725607;3
"1209";5;5;"Commit.LOC.Churn";26;"haar";1;-56173,2698042405;3
"1210";6;6;"Commit.LOC.Churn";26;"haar";1;-96363,0979265403;3
"1211";7;1;"Commit.LOC.Churn";26;"haar";2;102799;2
"1212";8;2;"Commit.LOC.Churn";26;"haar";2;-45523;2
"1213";9;3;"Commit.LOC.Churn";26;"haar";2;56006,5;2
"1214";1;1;"Commit.LOC.Churn";761;"haar";1;-46263,1682659111;3
"1215";2;2;"Commit.LOC.Churn";761;"haar";1;-32094,162584495;3
"1216";3;3;"Commit.LOC.Churn";761;"haar";1;-91764,075421703;3
"1217";4;4;"Commit.LOC.Churn";761;"haar";1;-76142,6724117298;3
"1218";1;1;"Commit.LOC.Churn";178;"haar";1;-12594,9859864948;3
"1219";2;2;"Commit.LOC.Churn";178;"haar";1;81250,1046922402;3
"1220";3;3;"Commit.LOC.Churn";178;"haar";1;354206,050152309;3
"1221";4;4;"Commit.LOC.Churn";178;"haar";1;1291,17698244664;3
"1222";1;1;"Commit.LOC.Churn";34;"haar";1;-33393,1177415347;3
"1223";2;2;"Commit.LOC.Churn";34;"haar";1;7150,26377135837;3
"1224";3;3;"Commit.LOC.Churn";34;"haar";1;3461,28769390815;3
"1225";4;4;"Commit.LOC.Churn";34;"haar";1;-33691,5168031954;3
"1226";5;5;"Commit.LOC.Churn";34;"haar";1;-344,36100243785;3
"1227";1;1;"Commit.LOC.Churn";3225;"haar";1;-24621,4581209156;4
"1228";2;2;"Commit.LOC.Churn";3225;"haar";1;55138,0654765834;4
"1229";3;3;"Commit.LOC.Churn";3225;"haar";1;10482,1509243094;4
"1230";4;4;"Commit.LOC.Churn";3225;"haar";1;176169,997678379;4
"1231";5;5;"Commit.LOC.Churn";3225;"haar";1;5734052,63232842;4
"1232";6;6;"Commit.LOC.Churn";3225;"haar";1;-67499,7062252866;4
"1233";7;7;"Commit.LOC.Churn";3225;"haar";1;-1337331,96337503;4
"1234";8;8;"Commit.LOC.Churn";3225;"haar";1;2233768,70654461;4
"1235";9;9;"Commit.LOC.Churn";3225;"haar";1;2275869,84429646;4
"1236";10;10;"Commit.LOC.Churn";3225;"haar";1;560091,503203271;4
"1237";11;11;"Commit.LOC.Churn";3225;"haar";1;1268377,73850084;4
"1238";12;12;"Commit.LOC.Churn";3225;"haar";1;-368681,233069979;4
"1239";13;13;"Commit.LOC.Churn";3225;"haar";1;-754668,904609498;4
"1240";14;1;"Commit.LOC.Churn";3225;"haar";2;117426,5;3
"1241";15;2;"Commit.LOC.Churn";3225;"haar";2;3955125,5;3
"1242";16;3;"Commit.LOC.Churn";3225;"haar";2;713704;3
"1243";17;4;"Commit.LOC.Churn";3225;"haar";2;838756;3
"1244";18;5;"Commit.LOC.Churn";3225;"haar";2;-3982935;3
"1245";19;6;"Commit.LOC.Churn";3225;"haar";2;834063,5;3
"1246";20;1;"Commit.LOC.Churn";3225;"haar";3;3057276,57762297;2
"1247";21;2;"Commit.LOC.Churn";3225;"haar";3;2280084,90781911;2
"1248";22;3;"Commit.LOC.Churn";3225;"haar";3;-3552861,20405232;2
"1249";1;1;"Commit.LOC.Churn";488;"haar";1;9635,0370004479;2
"1250";2;2;"Commit.LOC.Churn";488;"haar";1;-18597,6154519874;2
"1251";3;3;"Commit.LOC.Churn";488;"haar";1;-1642,60905269635;2
"1252";1;1;"Commit.LOC.Churn";3809;"haar";1;66409,347568697;3
"1253";2;2;"Commit.LOC.Churn";3809;"haar";1;115297,296206372;3
"1254";3;3;"Commit.LOC.Churn";3809;"haar";1;288327,739776283;3
"1255";4;4;"Commit.LOC.Churn";3809;"haar";1;40466,3068737437;3
"1256";1;1;"Commit.LOC.Churn";32;"haar";1;145112,453635103;5
"1257";2;2;"Commit.LOC.Churn";32;"haar";1;9751,70961934368;5
"1258";3;3;"Commit.LOC.Churn";32;"haar";1;270,821897194448;5
"1259";4;4;"Commit.LOC.Churn";32;"haar";1;13491,5973850393;5
"1260";5;5;"Commit.LOC.Churn";32;"haar";1;41763,1407104399;5
"1261";6;6;"Commit.LOC.Churn";32;"haar";1;-26797,2256866266;5
"1262";7;7;"Commit.LOC.Churn";32;"haar";1;63243,6305093248;5
"1263";8;8;"Commit.LOC.Churn";32;"haar";1;-51810,4209643195;5
"1264";9;9;"Commit.LOC.Churn";32;"haar";1;2230,92189464354;5
"1265";10;10;"Commit.LOC.Churn";32;"haar";1;-7914,64620182101;5
"1266";11;11;"Commit.LOC.Churn";32;"haar";1;261266,056153493;5
"1267";12;12;"Commit.LOC.Churn";32;"haar";1;139959,766520597;5
"1268";13;13;"Commit.LOC.Churn";32;"haar";1;-102784,334606495;5
"1269";14;14;"Commit.LOC.Churn";32;"haar";1;7782,41723373914;5
"1270";15;15;"Commit.LOC.Churn";32;"haar";1;29639,0878402153;5
"1271";16;16;"Commit.LOC.Churn";32;"haar";1;45918,8072634732;5
"1272";17;1;"Commit.LOC.Churn";32;"haar";2;-89592,5;4
"1273";18;2;"Commit.LOC.Churn";32;"haar";2;-14984,5;4
"1274";19;3;"Commit.LOC.Churn";32;"haar";2;18835,5;4
"1275";20;4;"Commit.LOC.Churn";32;"haar";2;27201,5;4
"1276";21;5;"Commit.LOC.Churn";32;"haar";2;-1149;4
"1277";22;6;"Commit.LOC.Churn";32;"haar";2;-282224,5;4
"1278";23;7;"Commit.LOC.Churn";32;"haar";2;-76922,5;4
"1279";24;8;"Commit.LOC.Churn";32;"haar";2;36411,5;4
"1280";25;1;"Commit.LOC.Churn";32;"haar";3;-51504,9508348469;3
"1281";26;2;"Commit.LOC.Churn";32;"haar";3;125081,532737651;3
"1282";27;3;"Commit.LOC.Churn";32;"haar";3;125372,507178109;3
"1283";28;4;"Commit.LOC.Churn";32;"haar";3;22595,5971928161;3
"1284";1;1;"Commit.LOC.Churn";475;"haar";1;11269,8678785512;2
"1285";2;2;"Commit.LOC.Churn";475;"haar";1;345548,941830242;2
"1286";3;3;"Commit.LOC.Churn";475;"haar";1;-83229,2965727814;2
"1287";1;1;"Commit.LOC.Churn";246;"haar";1;493927,521687646;2
"1288";2;2;"Commit.LOC.Churn";246;"haar";1;-75092,6188416678;2
"1289";3;3;"Commit.LOC.Churn";246;"haar";1;-14,142135623731;2
"1290";1;1;"Commit.LOC.Churn";408;"haar";1;289769,530503122;3
"1291";2;2;"Commit.LOC.Churn";408;"haar";1;-406597,005783983;3
"1292";3;3;"Commit.LOC.Churn";408;"haar";1;-16256,3848994787;3
"1293";4;4;"Commit.LOC.Churn";408;"haar";1;-5013,38707861262;3
"1294";1;1;"Commit.LOC.Churn";897;"haar";1;246329,839614489;2
"1295";2;2;"Commit.LOC.Churn";897;"haar";1;-366,988419435818;2
"1296";3;3;"Commit.LOC.Churn";897;"haar";1;259,508188695463;2
"1297";1;1;"Commit.LOC.Churn";99;"haar";1;100196,323787353;3
"1298";2;2;"Commit.LOC.Churn";99;"haar";1;1977253,70085391;3
"1299";3;3;"Commit.LOC.Churn";99;"haar";1;-2145492,08176772;3
"1300";4;4;"Commit.LOC.Churn";99;"haar";1;2642586,02762152;3
"1301";5;5;"Commit.LOC.Churn";99;"haar";1;-711655,599109921;3
"1302";1;1;"Commit.LOC.Churn";3165;"haar";1;508,409775673128;5
"1303";2;2;"Commit.LOC.Churn";3165;"haar";1;52,3259018078045;5
"1304";3;3;"Commit.LOC.Churn";3165;"haar";1;2812,87077556009;5
"1305";4;4;"Commit.LOC.Churn";3165;"haar";1;2022,32539419353;5
"1306";5;5;"Commit.LOC.Churn";3165;"haar";1;2657,30728369905;5
"1307";6;6;"Commit.LOC.Churn";3165;"haar";1;-2719,53268044346;5
"1308";7;7;"Commit.LOC.Churn";3165;"haar";1;-4275,87470583505;5
"1309";8;8;"Commit.LOC.Churn";3165;"haar";1;-1853,32687348994;5
"1310";9;9;"Commit.LOC.Churn";3165;"haar";1;-5066,42008720161;5
"1311";10;10;"Commit.LOC.Churn";3165;"haar";1;-1888,68221254927;5
"1312";11;11;"Commit.LOC.Churn";3165;"haar";1;-14442,6560057352;5
"1313";12;12;"Commit.LOC.Churn";3165;"haar";1;-23658,3786849395;5
"1314";13;13;"Commit.LOC.Churn";3165;"haar";1;9162,68967061528;5
"1315";14;14;"Commit.LOC.Churn";3165;"haar";1;-61378,9899273359;5
"1316";15;15;"Commit.LOC.Churn";3165;"haar";1;3170,66680684048;5
"1317";16;16;"Commit.LOC.Churn";3165;"haar";1;-10743,0733265672;5
"1318";17;17;"Commit.LOC.Churn";3165;"haar";1;-249967,904003694;5
"1319";18;18;"Commit.LOC.Churn";3165;"haar";1;-14531,7514601647;5
"1320";19;19;"Commit.LOC.Churn";3165;"haar";1;-74036,9084173563;5
"1321";20;20;"Commit.LOC.Churn";3165;"haar";1;59076,6502477925;5
"1322";21;21;"Commit.LOC.Churn";3165;"haar";1;37881,1244817257;5
"1323";22;1;"Commit.LOC.Churn";3165;"haar";2;2854;4
"1324";23;2;"Commit.LOC.Churn";3165;"haar";2;360;4
"1325";24;3;"Commit.LOC.Churn";3165;"haar";2;-789,500000000001;4
"1326";25;4;"Commit.LOC.Churn";3165;"haar";2;1695;4
"1327";26;5;"Commit.LOC.Churn";3165;"haar";2;7732;4
"1328";27;6;"Commit.LOC.Churn";3165;"haar";2;-724;4
"1329";28;7;"Commit.LOC.Churn";3165;"haar";2;-34459,5;4
"1330";29;8;"Commit.LOC.Churn";3165;"haar";2;121979,5;4
"1331";30;9;"Commit.LOC.Churn";3165;"haar";2;105538,5;4
"1332";31;10;"Commit.LOC.Churn";3165;"haar";2;-14372,5;4
"1333";32;1;"Commit.LOC.Churn";3165;"haar";3;2264,15591335933;3
"1334";33;2;"Commit.LOC.Churn";3165;"haar";3;-2500,68313166622;3
"1335";34;3;"Commit.LOC.Churn";3165;"haar";3;29311,6974005259;3
"1336";35;4;"Commit.LOC.Churn";3165;"haar";3;117958,846130759;3
"1337";36;5;"Commit.LOC.Churn";3165;"haar";3;-2803,67838740467;3
"1338";1;1;"Commit.LOC.Churn";44;"haar";1;201738,271779303;3
"1339";2;2;"Commit.LOC.Churn";44;"haar";1;-161796,6381372;3
"1340";3;3;"Commit.LOC.Churn";44;"haar";1;-333693,589536868;3
"1341";4;4;"Commit.LOC.Churn";44;"haar";1;-283861,653346309;3
"1342";1;1;"Commit.LOC.Churn";239;"haar";1;-9169,76073842714;3
"1343";2;2;"Commit.LOC.Churn";239;"haar";1;-21346,8466172407;3
"1344";3;3;"Commit.LOC.Churn";239;"haar";1;-17363,7141188169;3
"1345";4;4;"Commit.LOC.Churn";239;"haar";1;-19782,0193104749;3
"1346";5;5;"Commit.LOC.Churn";239;"haar";1;1999,69797719556;3
"1347";1;1;"Commit.LOC.Churn";117;"haar";1;564,271211386865;4
"1348";2;2;"Commit.LOC.Churn";117;"haar";1;97944,1886892734;4
"1349";3;3;"Commit.LOC.Churn";117;"haar";1;105766,91100954;4
"1350";4;4;"Commit.LOC.Churn";117;"haar";1;46771,5780415842;4
"1351";5;5;"Commit.LOC.Churn";117;"haar";1;-197701,399165509;4
"1352";6;6;"Commit.LOC.Churn";117;"haar";1;-213565,339801429;4
"1353";7;7;"Commit.LOC.Churn";117;"haar";1;-145697,230943145;4
"1354";8;8;"Commit.LOC.Churn";117;"haar";1;-111024,249927662;4
"1355";9;1;"Commit.LOC.Churn";117;"haar";2;122652;3
"1356";10;2;"Commit.LOC.Churn";117;"haar";2;95376;3
"1357";11;3;"Commit.LOC.Churn";117;"haar";2;100765,5;3
"1358";12;4;"Commit.LOC.Churn";117;"haar";2;-576769,5;3
"1359";1;1;"Commit.LOC.Churn";627;"haar";1;92362,994865368;2
"1360";2;2;"Commit.LOC.Churn";627;"haar";1;-5979,29494171344;2
"1361";3;3;"Commit.LOC.Churn";627;"haar";1;279,307178568684;2
"1362";1;1;"Commit.LOC.Churn";41;"haar";1;7860,90608645085;4
"1363";2;2;"Commit.LOC.Churn";41;"haar";1;9891,71676201862;4
"1364";3;3;"Commit.LOC.Churn";41;"haar";1;27355,1329369828;4
"1365";4;4;"Commit.LOC.Churn";41;"haar";1;132180,884820764;4
"1366";5;5;"Commit.LOC.Churn";41;"haar";1;276668,256061298;4
"1367";6;6;"Commit.LOC.Churn";41;"haar";1;129743,487746014;4
"1368";7;7;"Commit.LOC.Churn";41;"haar";1;55128,8730884281;4
"1369";8;8;"Commit.LOC.Churn";41;"haar";1;44675,0064353661;4
"1370";9;9;"Commit.LOC.Churn";41;"haar";1;361567,738851242;4
"1371";10;10;"Commit.LOC.Churn";41;"haar";1;300767,869377698;4
"1372";11;11;"Commit.LOC.Churn";41;"haar";1;132605,855996257;4
"1373";12;1;"Commit.LOC.Churn";41;"haar";2;58466,5;3
"1374";13;2;"Commit.LOC.Churn";41;"haar";2;63154;3
"1375";14;3;"Commit.LOC.Churn";41;"haar";2;499155,5;3
"1376";15;4;"Commit.LOC.Churn";41;"haar";2;-213048;3
"1377";16;5;"Commit.LOC.Churn";41;"haar";2;-819849,5;3
"1378";1;1;"Commit.LOC.Churn";3969;"haar";1;1209397,96188207;3
"1379";2;2;"Commit.LOC.Churn";3969;"haar";1;3142735,38187683;3
"1380";3;3;"Commit.LOC.Churn";3969;"haar";1;16624,7875324769;3
"1381";4;4;"Commit.LOC.Churn";3969;"haar";1;-87536,2839769886;3
"1382";1;1;"Commit.LOC.Churn";93;"haar";1;-13746,1558262665;3
"1383";2;2;"Commit.LOC.Churn";93;"haar";1;1716,14815793975;3
"1384";3;3;"Commit.LOC.Churn";93;"haar";1;14427,0996565491;3
"1385";4;4;"Commit.LOC.Churn";93;"haar";1;-29827,178244011;3
"1386";5;5;"Commit.LOC.Churn";93;"haar";1;-66368,3353753882;3
"1387";6;6;"Commit.LOC.Churn";93;"haar";1;95941,6622849531;3
"1388";7;7;"Commit.LOC.Churn";93;"haar";1;-57422,020379816;3
"1389";8;1;"Commit.LOC.Churn";93;"haar";2;11112;2
"1390";9;2;"Commit.LOC.Churn";93;"haar";2;-20197,5;2
"1391";10;3;"Commit.LOC.Churn";93;"haar";2;-23926,5;2
"1392";1;1;"Commit.LOC.Churn";163;"haar";1;20630,5474478987;2
"1393";2;2;"Commit.LOC.Churn";163;"haar";1;-2502333,51889351;2
"1394";3;3;"Commit.LOC.Churn";163;"haar";1;-273511,731390081;2
"1395";1;1;"Commit.LOC.Churn";5163;"haar";1;62638,3471046291;4
"1396";2;2;"Commit.LOC.Churn";5163;"haar";1;25832,024930307;4
"1397";3;3;"Commit.LOC.Churn";5163;"haar";1;-9022,68252794034;4
"1398";4;4;"Commit.LOC.Churn";5163;"haar";1;7509,47401620113;4
"1399";5;5;"Commit.LOC.Churn";5163;"haar";1;-5676,6532393656;4
"1400";6;6;"Commit.LOC.Churn";5163;"haar";1;-116179,765469293;4
"1401";7;7;"Commit.LOC.Churn";5163;"haar";1;17075,9216588739;4
"1402";8;8;"Commit.LOC.Churn";5163;"haar";1;17588,5740752342;4
"1403";9;9;"Commit.LOC.Churn";5163;"haar";1;23859,9041175777;4
"1404";10;1;"Commit.LOC.Churn";5163;"haar";2;-31325;3
"1405";11;2;"Commit.LOC.Churn";5163;"haar";2;-6082;3
"1406";12;3;"Commit.LOC.Churn";5163;"haar";2;-76284;3
"1407";13;4;"Commit.LOC.Churn";5163;"haar";2;9528,5;3
"1408";1;1;"Commit.LOC.Churn";1;"haar";1;-731,855518528077;4
"1409";2;2;"Commit.LOC.Churn";1;"haar";1;-12843,8875734724;4
"1410";3;3;"Commit.LOC.Churn";1;"haar";1;-10458,8164005302;4
"1411";4;4;"Commit.LOC.Churn";1;"haar";1;63995,2850177261;4
"1412";5;5;"Commit.LOC.Churn";1;"haar";1;5328,75670302182;4
"1413";6;6;"Commit.LOC.Churn";1;"haar";1;-83994,3861100252;4
"1414";7;7;"Commit.LOC.Churn";1;"haar";1;-4685,99663892324;4
"1415";8;8;"Commit.LOC.Churn";1;"haar";1;107183,245892257;4
"1416";9;9;"Commit.LOC.Churn";1;"haar";1;-29426,9558058594;4
"1417";10;10;"Commit.LOC.Churn";1;"haar";1;-371791,795800418;4
"1418";11;11;"Commit.LOC.Churn";1;"haar";1;-38447,5170134561;4
"1419";12;12;"Commit.LOC.Churn";1;"haar";1;483083,332091369;4
"1420";13;13;"Commit.LOC.Churn";1;"haar";1;-163612,488351287;4
"1421";14;14;"Commit.LOC.Churn";1;"haar";1;48910,5760546735;4
"1422";15;15;"Commit.LOC.Churn";1;"haar";1;99227,587497127;4
"1423";16;1;"Commit.LOC.Churn";1;"haar";2;-37081,5;3
"1424";17;2;"Commit.LOC.Churn";1;"haar";2;20986,5;3
"1425";18;3;"Commit.LOC.Churn";1;"haar";2;52671,5;3
"1426";19;4;"Commit.LOC.Churn";1;"haar";2;-92336;3
"1427";20;5;"Commit.LOC.Churn";1;"haar";2;-185657;3
"1428";21;6;"Commit.LOC.Churn";1;"haar";2;-291587;3
"1429";22;7;"Commit.LOC.Churn";1;"haar";2;12569,5;3
"1430";23;1;"Commit.LOC.Churn";1;"haar";3;63611,3260355418;2
"1431";24;2;"Commit.LOC.Churn";1;"haar";3;202282,036894036;2
"1432";25;3;"Commit.LOC.Churn";1;"haar";3;-273336,722461738;2
"1433";1;1;"Commit.LOC.Churn";154;"haar";1;-49733,6483479746;3
"1434";2;2;"Commit.LOC.Churn";154;"haar";1;-2491,13719012021;3
"1435";3;3;"Commit.LOC.Churn";154;"haar";1;-65875,4819489011;3
"1436";4;4;"Commit.LOC.Churn";154;"haar";1;-488518,154811569;3
"1437";1;1;"Commit.LOC.Churn";733;"haar";1;-266628,753982011;3
"1438";2;2;"Commit.LOC.Churn";733;"haar";1;2744,98852456617;3
"1439";3;3;"Commit.LOC.Churn";733;"haar";1;-26999,4582260459;3
"1440";4;4;"Commit.LOC.Churn";733;"haar";1;-24895,815552016;3
"1441";1;1;"Commit.LOC.Churn";166;"haar";1;21848,8924318831;2
"1442";2;2;"Commit.LOC.Churn";166;"haar";1;-12667,817984957;2
"1443";3;3;"Commit.LOC.Churn";166;"haar";1;-660,437733628234;2
"1444";1;1;"Commit.LOC.Churn";36;"haar";1;2111,42084862303;5
"1445";2;2;"Commit.LOC.Churn";36;"haar";1;-59317,0665533959;5
"1446";3;3;"Commit.LOC.Churn";36;"haar";1;182,433549546129;5
"1447";4;4;"Commit.LOC.Churn";36;"haar";1;-53836,281892419;5
"1448";5;5;"Commit.LOC.Churn";36;"haar";1;417,193000900057;5
"1449";6;6;"Commit.LOC.Churn";36;"haar";1;-40319,2286632569;5
"1450";7;7;"Commit.LOC.Churn";36;"haar";1;-117369,82618203;5
"1451";8;8;"Commit.LOC.Churn";36;"haar";1;-57661,022471857;5
"1452";9;9;"Commit.LOC.Churn";36;"haar";1;10473,6656429351;5
"1453";10;10;"Commit.LOC.Churn";36;"haar";1;56172,5626974593;5
"1454";11;11;"Commit.LOC.Churn";36;"haar";1;6285,47217796723;5
"1455";12;12;"Commit.LOC.Churn";36;"haar";1;36971,7851611198;5
"1456";13;13;"Commit.LOC.Churn";36;"haar";1;-63322,8264688177;5
"1457";14;14;"Commit.LOC.Churn";36;"haar";1;79439,9113324027;5
"1458";15;15;"Commit.LOC.Churn";36;"haar";1;-99982,0704326531;5
"1459";16;16;"Commit.LOC.Churn";36;"haar";1;55447,0711399619;5
"1460";17;17;"Commit.LOC.Churn";36;"haar";1;4291,43105502115;5
"1461";18;18;"Commit.LOC.Churn";36;"haar";1;-10914,1931676144;5
"1462";19;19;"Commit.LOC.Churn";36;"haar";1;216609,434494437;5
"1463";20;20;"Commit.LOC.Churn";36;"haar";1;14987,1282272489;5
"1464";21;21;"Commit.LOC.Churn";36;"haar";1;151954,418849864;5
"1465";22;22;"Commit.LOC.Churn";36;"haar";1;19596,0502270228;5
"1466";23;1;"Commit.LOC.Churn";36;"haar";2;46864,5;4
"1467";24;2;"Commit.LOC.Churn";36;"haar";2;62397;4
"1468";25;3;"Commit.LOC.Churn";36;"haar";2;16730;4
"1469";26;4;"Commit.LOC.Churn";36;"haar";2;52074,5;4
"1470";27;5;"Commit.LOC.Churn";36;"haar";2;41885;4
"1471";28;6;"Commit.LOC.Churn";36;"haar";2;-51228,5;4
"1472";29;7;"Commit.LOC.Churn";36;"haar";2;-92277,5;4
"1473";30;8;"Commit.LOC.Churn";36;"haar";2;13147;4
"1474";31;9;"Commit.LOC.Churn";36;"haar";2;-15794;4
"1475";32;10;"Commit.LOC.Churn";36;"haar";2;-173972,5;4
"1476";33;11;"Commit.LOC.Churn";36;"haar";2;-117216,5;4
"1477";34;1;"Commit.LOC.Churn";36;"haar";3;41678,9950034787;3
"1478";35;2;"Commit.LOC.Churn";36;"haar";3;-131339,074197761;3
"1479";36;3;"Commit.LOC.Churn";36;"haar";3;56820,2725090262;3
"1480";37;4;"Commit.LOC.Churn";36;"haar";3;-64964,7284147328;3
"1481";38;5;"Commit.LOC.Churn";36;"haar";3;-55124,6304477409;3
"1482";1;1;"Commit.LOC.Churn";1233;"haar";1;94939,6919760118;2
"1483";2;2;"Commit.LOC.Churn";1233;"haar";1;-62345,6048972179;2
"1484";3;3;"Commit.LOC.Churn";1233;"haar";1;-5882,42131269089;2
"1485";1;1;"Commit.LOC.Churn";3180;"haar";1;170389,399742179;3
"1486";2;2;"Commit.LOC.Churn";3180;"haar";1;-663405,460788875;3
"1487";3;3;"Commit.LOC.Churn";3180;"haar";1;-85396,5788571181;3
"1488";4;4;"Commit.LOC.Churn";3180;"haar";1;16648,8291630373;3
"1489";1;1;"Commit.LOC.Churn";58;"haar";1;84441,2775957351;3
"1490";2;2;"Commit.LOC.Churn";58;"haar";1;-1183807,06036415;3
"1491";3;3;"Commit.LOC.Churn";58;"haar";1;845901,94283853;3
"1492";4;4;"Commit.LOC.Churn";58;"haar";1;-52023,2601054567;3
"1493";5;5;"Commit.LOC.Churn";58;"haar";1;930945,675411836;3
"1494";6;6;"Commit.LOC.Churn";58;"haar";1;133201,947012797;3
"1495";7;7;"Commit.LOC.Churn";58;"haar";1;10745,901753692;3
"1496";8;1;"Commit.LOC.Churn";58;"haar";2;-116853;2
"1497";9;2;"Commit.LOC.Churn";58;"haar";2;505290;2
"1498";10;3;"Commit.LOC.Churn";58;"haar";2;-277599,5;2
"1499";1;1;"Commit.LOC.Churn";308;"haar";1;94571,9964497948;3
"1500";2;2;"Commit.LOC.Churn";308;"haar";1;12299,4153519588;3
"1501";3;3;"Commit.LOC.Churn";308;"haar";1;-33405,1385568149;3
"1502";4;4;"Commit.LOC.Churn";308;"haar";1;5274,30948087046;3
"1503";5;5;"Commit.LOC.Churn";308;"haar";1;7163,69880020091;3
"1504";6;6;"Commit.LOC.Churn";308;"haar";1;-13782,218272107;3
"1505";7;1;"Commit.LOC.Churn";308;"haar";2;24941,5;2
"1506";8;2;"Commit.LOC.Churn";308;"haar";2;-109562,5;2
"1507";9;3;"Commit.LOC.Churn";308;"haar";2;-8893;2
"1508";1;1;"Commit.LOC.Churn";341;"haar";1;598685,391320433;3
"1509";2;2;"Commit.LOC.Churn";341;"haar";1;600985,609679633;3
"1510";3;3;"Commit.LOC.Churn";341;"haar";1;-2509156,39222518;3
"1511";4;4;"Commit.LOC.Churn";341;"haar";1;-113356,995198797;3
"1512";1;1;"Commit.LOC.Churn";37;"haar";1;38773,4932395831;2
"1513";2;2;"Commit.LOC.Churn";37;"haar";1;-31256,241048789;2
"1514";3;3;"Commit.LOC.Churn";37;"haar";1;-2604,27427511005;2
"1515";1;1;"Commit.LOC.Churn";38;"haar";1;317607,617371656;2
"1516";2;2;"Commit.LOC.Churn";38;"haar";1;-43810,9219487561;2
"1517";3;3;"Commit.LOC.Churn";38;"haar";1;2043,53859762912;2
"1518";1;1;"Commit.LOC.Churn";103;"haar";1;64197,5175571454;3
"1519";2;2;"Commit.LOC.Churn";103;"haar";1;43634,1452534595;3
"1520";3;3;"Commit.LOC.Churn";103;"haar";1;-108963,033660503;3
"1521";4;4;"Commit.LOC.Churn";103;"haar";1;-2223343,83126958;3
"1522";5;5;"Commit.LOC.Churn";103;"haar";1;-39969,9179133508;3
"1523";1;1;"Commit.LOC.Churn";3175;"haar";1;-36161,44078988;4
"1524";2;2;"Commit.LOC.Churn";3175;"haar";1;3637,3572824236;4
"1525";3;3;"Commit.LOC.Churn";3175;"haar";1;-32544,5896041108;4
"1526";4;4;"Commit.LOC.Churn";3175;"haar";1;15867,4761698261;4
"1527";5;5;"Commit.LOC.Churn";3175;"haar";1;141881,682751862;4
"1528";6;6;"Commit.LOC.Churn";3175;"haar";1;316971,221268588;4
"1529";7;7;"Commit.LOC.Churn";3175;"haar";1;-2101942,08222123;4
"1530";8;8;"Commit.LOC.Churn";3175;"haar";1;-116279,467525441;4
"1531";9;9;"Commit.LOC.Churn";3175;"haar";1;129208,207912655;4
"1532";10;10;"Commit.LOC.Churn";3175;"haar";1;-15228,9587464147;4
"1533";11;1;"Commit.LOC.Churn";3175;"haar";2;-22388;3
"1534";12;2;"Commit.LOC.Churn";3175;"haar";2;-59337,5;3
"1535";13;3;"Commit.LOC.Churn";3175;"haar";2;158563;3
"1536";14;4;"Commit.LOC.Churn";3175;"haar";2;-1455985,5;3
"1537";15;5;"Commit.LOC.Churn";3175;"haar";2;-138871,5;3
"1538";1;1;"Commit.LOC.Churn";74;"haar";1;630594,291928257;5
"1539";2;2;"Commit.LOC.Churn";74;"haar";1;-70542,3867047323;5
"1540";3;3;"Commit.LOC.Churn";74;"haar";1;-87690,4332552873;5
"1541";4;4;"Commit.LOC.Churn";74;"haar";1;-28992,0851354296;5
"1542";5;5;"Commit.LOC.Churn";74;"haar";1;35580,9061225259;5
"1543";6;6;"Commit.LOC.Churn";74;"haar";1;-14741,7621741771;5
"1544";7;7;"Commit.LOC.Churn";74;"haar";1;122351,393455489;5
"1545";8;8;"Commit.LOC.Churn";74;"haar";1;-115119,105297513;5
"1546";9;9;"Commit.LOC.Churn";74;"haar";1;10105,263009937;5
"1547";10;10;"Commit.LOC.Churn";74;"haar";1;-70197,3185955133;5
"1548";11;11;"Commit.LOC.Churn";74;"haar";1;168321,819513989;5
"1549";12;12;"Commit.LOC.Churn";74;"haar";1;236743,592981943;5
"1550";13;13;"Commit.LOC.Churn";74;"haar";1;317246,99291325;5
"1551";14;14;"Commit.LOC.Churn";74;"haar";1;550182,815878504;5
"1552";15;15;"Commit.LOC.Churn";74;"haar";1;223694,644441927;5
"1553";16;16;"Commit.LOC.Churn";74;"haar";1;51373,4289735462;5
"1554";17;17;"Commit.LOC.Churn";74;"haar";1;70643,502974442;5
"1555";18;18;"Commit.LOC.Churn";74;"haar";1;11867,3731086538;5
"1556";19;19;"Commit.LOC.Churn";74;"haar";1;-184112,221044666;5
"1557";20;20;"Commit.LOC.Churn";74;"haar";1;-158794,969851063;5
"1558";21;21;"Commit.LOC.Churn";74;"haar";1;143341,151148231;5
"1559";22;22;"Commit.LOC.Churn";74;"haar";1;127262,957157611;5
"1560";23;23;"Commit.LOC.Churn";74;"haar";1;-16281,8407436014;5
"1561";24;24;"Commit.LOC.Churn";74;"haar";1;-28707,8282093926;5
"1562";25;25;"Commit.LOC.Churn";74;"haar";1;-3029,24545060316;5
"1563";26;1;"Commit.LOC.Churn";74;"haar";2;31192,5;4
"1564";27;2;"Commit.LOC.Churn";74;"haar";2;-21333;4
"1565";28;3;"Commit.LOC.Churn";74;"haar";2;159953,5;4
"1566";29;4;"Commit.LOC.Churn";74;"haar";2;-108179;4
"1567";30;5;"Commit.LOC.Churn";74;"haar";2;110846,5;4
"1568";31;6;"Commit.LOC.Churn";74;"haar";2;61670,4999999999;4
"1569";32;7;"Commit.LOC.Churn";74;"haar";2;-165154;4
"1570";33;8;"Commit.LOC.Churn";74;"haar";2;-292981;4
"1571";34;9;"Commit.LOC.Churn";74;"haar";2;56405,5;4
"1572";35;10;"Commit.LOC.Churn";74;"haar";2;-121263,5;4
"1573";36;11;"Commit.LOC.Churn";74;"haar";2;-70820,5;4
"1574";37;12;"Commit.LOC.Churn";74;"haar";2;-23715,5;4
"1575";38;1;"Commit.LOC.Churn";74;"haar";3;-27762,7799963368;3
"1576";39;2;"Commit.LOC.Churn";74;"haar";3;247936,032667954;3
"1577";40;3;"Commit.LOC.Churn";74;"haar";3;42854,9135805918;3
"1578";41;4;"Commit.LOC.Churn";74;"haar";3;20702,6723395799;3
"1579";42;5;"Commit.LOC.Churn";74;"haar";3;-97751,8556447907;3
"1580";43;6;"Commit.LOC.Churn";74;"haar";3;-55121,0949138349;3
"1581";44;1;"Commit.LOC.Churn";74;"haar";4;311863,5;2
"1582";45;2;"Commit.LOC.Churn";74;"haar";4;153591,5;2
"1583";46;3;"Commit.LOC.Churn";74;"haar";4;-278239,5;2
"1584";1;1;"Commit.LOC.Churn";225;"haar";1;84488,6537500746;3
"1585";2;2;"Commit.LOC.Churn";225;"haar";1;87073,8361420926;3
"1586";3;3;"Commit.LOC.Churn";225;"haar";1;155695,013722341;3
"1587";4;4;"Commit.LOC.Churn";225;"haar";1;-175477,033032816;3
"1588";1;1;"Commit.LOC.Churn";3192;"haar";1;-2822,77027049669;3
"1589";2;2;"Commit.LOC.Churn";3192;"haar";1;-252877,648408277;3
"1590";3;3;"Commit.LOC.Churn";3192;"haar";1;14,1421356237333;3
"1591";4;4;"Commit.LOC.Churn";3192;"haar";1;172459,101290712;3
"1592";5;5;"Commit.LOC.Churn";3192;"haar";1;18393,9686990057;3
"1593";1;1;"Commit.LOC.Churn";3187;"haar";1;-938018,864544045;2
"1594";2;2;"Commit.LOC.Churn";3187;"haar";1;-83365,0610747692;2
"1595";3;3;"Commit.LOC.Churn";3187;"haar";1;-2665,79256507328;2
"1596";1;1;"Commit.LOC.Churn";659;"haar";1;421881,11885933;2
"1597";2;2;"Commit.LOC.Churn";659;"haar";1;-83673,3596313665;2
"1598";3;3;"Commit.LOC.Churn";659;"haar";1;21829,8005487911;2
"1599";1;1;"Commit.LOC.Churn";609;"haar";1;975818,671745935;3
"1600";2;2;"Commit.LOC.Churn";609;"haar";1;-140184,626477014;3
"1601";3;3;"Commit.LOC.Churn";609;"haar";1;11444,5232535043;3
"1602";4;4;"Commit.LOC.Churn";609;"haar";1;3258,34804770761;3
"1603";1;1;"Commit.LOC.Churn";3085;"haar";1;11937,3766799913;2
"1604";2;2;"Commit.LOC.Churn";3085;"haar";1;579464,81479422;2
"1605";3;3;"Commit.LOC.Churn";3085;"haar";1;-265995,186306068;2
"1606";1;1;"Commit.LOC.Churn";5574;"haar";1;810715,602299906;2
"1607";2;2;"Commit.LOC.Churn";5574;"haar";1;-387744,831890768;2
"1608";3;3;"Commit.LOC.Churn";5574;"haar";1;-64619,6603055138;2
"1609";1;1;"Commit.LOC.Churn";82;"haar";1;107005,054983398;2
"1610";2;2;"Commit.LOC.Churn";82;"haar";1;-80491,3791160271;2
"1611";3;3;"Commit.LOC.Churn";82;"haar";1;-334061,285063085;2
"1612";1;1;"Commit.LOC.Churn";192;"haar";1;134138,156391088;3
"1613";2;2;"Commit.LOC.Churn";192;"haar";1;220185,980593679;3
"1614";3;3;"Commit.LOC.Churn";192;"haar";1;172553,14649261;3
"1615";4;4;"Commit.LOC.Churn";192;"haar";1;350080,789190867;3
"1616";5;5;"Commit.LOC.Churn";192;"haar";1;-39319,3796746592;3
"1617";1;1;"Commit.LOC.Churn";71;"haar";1;287343,447136871;2
"1618";2;2;"Commit.LOC.Churn";71;"haar";1;-31425,2395694925;2
"1619";3;3;"Commit.LOC.Churn";71;"haar";1;20921,8754417476;2
"1620";1;1;"Commit.LOC.Churn";67;"haar";1;16769,037315839;4
"1621";2;2;"Commit.LOC.Churn";67;"haar";1;-27604,7416307416;4
"1622";3;3;"Commit.LOC.Churn";67;"haar";1;24680,1479837541;4
"1623";4;4;"Commit.LOC.Churn";67;"haar";1;-3288,75363929863;4
"1624";5;5;"Commit.LOC.Churn";67;"haar";1;-41768,0904579082;4
"1625";6;6;"Commit.LOC.Churn";67;"haar";1;29164,6191900392;4
"1626";7;7;"Commit.LOC.Churn";67;"haar";1;51630,8158418981;4
"1627";8;8;"Commit.LOC.Churn";67;"haar";1;-26719,4439406961;4
"1628";9;9;"Commit.LOC.Churn";67;"haar";1;11287,5455480809;4
"1629";10;1;"Commit.LOC.Churn";67;"haar";2;-71658;3
"1630";11;2;"Commit.LOC.Churn";67;"haar";2;-13274;3
"1631";12;3;"Commit.LOC.Churn";67;"haar";2;6603,00000000001;3
"1632";13;4;"Commit.LOC.Churn";67;"haar";2;-11302;3
"1633";1;1;"Commit.LOC.Churn";481802;"haar";1;-11629,078123394;2
"1634";2;2;"Commit.LOC.Churn";481802;"haar";1;-1166,7261889578;2
"1635";3;3;"Commit.LOC.Churn";481802;"haar";1;885,297690045557;2
"1636";1;1;"Commit.LOC.Churn";16;"haar";1;-37844,354929104;3
"1637";2;2;"Commit.LOC.Churn";16;"haar";1;-10004,8538470085;3
"1638";3;3;"Commit.LOC.Churn";16;"haar";1;29172,3973646322;3
"1639";4;4;"Commit.LOC.Churn";16;"haar";1;-214,253354699524;3
