"","new.projects.id","new.projects.name","new.projects.homepage_url","new.projects.download_url","new.projects.url_name","new.projects.user_count","new.projects.average_rating","new.projects.rating_count","new.projects.updated_at","new.projects.logged_at","new.projects.min_month","new.projects.max_month","new.projects.twelve_month_contributor_count","new.projects.total_code_lines","new.projects.main_language_id","new.projects.main_language_name","new.projects.code_added_12months","new.projects.code_removed_12months","new.projects.comments_added_12months","new.projects.comments_removed_12months","new.projects.blanks_added_12months","new.projects.blanks_removed_12months","new.projects.commits_12months","new.projects.code_added_lastmonth","new.projects.code_removed_lastmonth","new.projects.comments_added_lastmonth","new.projects.comments_removed_lastmonth","new.projects.blanks_added_lastmonth","new.projects.blanks_removed_lastmonth","new.projects.commits_lastmonth","new.projects.contributors_lastmonth","new.projects.FactoidGplConflict","new.projects.FactoidTeamSizeZero","new.projects.FactoidTeamSizeOne","new.projects.FactoidTeamSizeSmall","new.projects.FactoidTeamSizeLarge","new.projects.FactoidTeamSizeVeryLarge","new.projects.FactoidCommentsVeryLow","new.projects.FactoidCommentsLow","new.projects.FactoidCommentsHigh","new.projects.FactoidCommentsVeryHigh","new.projects.FactoidAgeYoung","new.projects.FactoidAgeOld","new.projects.FactoidAgeVeryOld","new.projects.FactoidActivityIncreasing","new.projects.FactoidActivityDecreasing","new.projects.code_churn_12months","new.projects.FactoidActivity","new.projects.FactoidAge","new.projects.score.increase"
"4040",584554,"Litotex","http://www.litotex.net","https://github.com/Litotex/Litotex-0.8/downloads","litotex",2,NA,0,"2012-06-20T16:38:38Z","2012-06-20T16:38:37Z","2010-07-01","2012-02-01",8,57310,2,"PHP",27054,58617,16650,22390,3982,11272,296,0,0,0,0,0,0,0,0,FALSE,FALSE,FALSE,FALSE,FALSE,FALSE,FALSE,FALSE,FALSE,FALSE,FALSE,FALSE,FALSE,FALSE,FALSE,85671,"NoChange","Normal",0.374972605741836
"2391",203670,"bti","http://gregkh.github.com/bti/","http://www.kernel.org/pub/linux/kernel/people/gregkh/bti/","bti",2,5,2,"2012-06-20T06:37:26Z","2012-06-20T06:36:55Z","2008-05-01","2011-11-01",7,5862,8,"Perl",217,59,24,4,8,0,17,0,0,0,0,0,0,0,0,FALSE,FALSE,FALSE,FALSE,FALSE,FALSE,FALSE,FALSE,FALSE,FALSE,FALSE,TRUE,FALSE,FALSE,TRUE,276,"Decreasing","Old",0.216085908393601
"2484",310785,"CollabNet Connector Framework","http://ccf.open.collab.net","http://ccf.open.collab.net/servlets/ProjectProcess?pageID=Q4UQCF","ccf",4,5,1,"2012-06-21T12:41:30Z","2012-06-21T12:41:08Z","2008-02-01","2012-06-01",8,567900,5,"Java",289778,192317,50850,41137,30149,16071,335,60,63,3,2,2,1,14,4,FALSE,FALSE,FALSE,FALSE,FALSE,FALSE,FALSE,TRUE,FALSE,FALSE,FALSE,TRUE,FALSE,FALSE,FALSE,482095,"NoChange","Old",0.190225728687267
"123",379,"Ming - an SWF output library","http://www.libming.org/",NA,"ming",5,4,2,"2011-10-25T11:16:55Z","2011-10-25T11:16:43Z","2001-02-01","2011-10-01",6,95206,42,"C",55,12,12,1,3,0,6,0,0,0,0,0,0,0,0,FALSE,FALSE,FALSE,FALSE,FALSE,FALSE,FALSE,TRUE,FALSE,FALSE,FALSE,FALSE,TRUE,FALSE,FALSE,67,"NoChange","VeryOld",0.0657462195923735
"2788",348327,"Funtoo","http://www.funtoo.org/",NA,"funtoo",6,4.33333,3,"2011-08-27T06:28:06Z","2011-08-27T06:12:44Z","1997-03-01","2011-08-01",87,209575,9,"Python",28753,4679,3311,542,5845,816,258,0,0,0,0,0,0,0,0,FALSE,FALSE,FALSE,FALSE,FALSE,TRUE,FALSE,FALSE,FALSE,FALSE,FALSE,FALSE,TRUE,TRUE,FALSE,33432,"Increasing","VeryOld",0.0657462195923735
"33",64,"Blender","http://www.blender.org/","http://www.blender.org/download/get-blender/","blender",535,4.67521,234,"2012-06-08T04:39:33Z","2012-06-07T20:30:18Z","2002-10-01","2012-06-01",100,1085894,42,"C",855785,552098,106506,61033,82635,31664,7751,15677,5767,2257,479,3124,231,258,20,FALSE,FALSE,FALSE,FALSE,FALSE,TRUE,FALSE,FALSE,FALSE,FALSE,FALSE,FALSE,TRUE,FALSE,FALSE,1407883,"NoChange","VeryOld",0.0433925049309665
"1593",14549,"GNOME Terminal",NA,"http://ftp.gnome.org/pub/GNOME/sources/gnome-terminal/","gnome-terminal",249,4.34848,66,"2012-06-21T23:36:34Z","2012-06-21T23:34:24Z","2001-12-01","2012-06-01",65,20419,42,"C",7853,13249,866,1611,1180,1368,165,55,4987,12,282,5,137,13,2,FALSE,FALSE,FALSE,FALSE,FALSE,TRUE,FALSE,TRUE,FALSE,FALSE,FALSE,FALSE,TRUE,TRUE,FALSE,21102,"Increasing","VeryOld",0.0433925049309665
"1875",20818,"jwysiwyg","http://akzhan.github.com/jwysiwyg/","https://github.com/akzhan/jwysiwyg/downloads","jwysiwyg",3,5,1,"2011-09-13T19:56:17Z","2011-09-13T19:56:08Z","2008-01-01","2011-08-01",43,29884,6,"JavaScript",57,13,2,4,2,0,5,0,0,0,0,0,0,0,0,FALSE,FALSE,FALSE,FALSE,FALSE,TRUE,FALSE,FALSE,FALSE,FALSE,FALSE,TRUE,FALSE,TRUE,FALSE,70,"Increasing","Old",0.039666885820732
"4281",587405,"candy-plugins","https://github.com/candy-chat/candy-plugins","https://github.com/candy-chat/candy-plugins/downloads","candy-plugins",2,5,1,"2012-06-21T07:14:35Z","2012-06-21T07:14:34Z","2011-07-01","2011-12-01",6,616,6,"JavaScript",1025,17,177,0,183,0,21,0,0,0,0,0,0,0,0,FALSE,FALSE,FALSE,FALSE,FALSE,FALSE,FALSE,FALSE,TRUE,FALSE,TRUE,FALSE,FALSE,FALSE,FALSE,1042,"NoChange","Young",0.039666885820732
"1352",11373,"MuseScore","http://www.musescore.org","http://www.musescore.org/en/download","musescore",9,3.5,4,"2012-06-21T20:54:21Z","2012-06-21T20:52:43Z","2006-09-01","2012-06-01",10,4595643,44,"C++",3491590,647301,136018,32860,98492,22641,1505,48876,43094,605,1205,629,1239,117,4,FALSE,FALSE,FALSE,FALSE,FALSE,FALSE,FALSE,TRUE,FALSE,FALSE,FALSE,FALSE,TRUE,FALSE,FALSE,4138891,"NoChange","VeryOld",0.0208196362042515
"253",3260,"The Mana World","http://themanaworld.org/","http://themanaworld.org/downloads.php","themanaworld",13,3.92857,14,"2012-06-18T23:51:57Z","2012-06-18T23:49:42Z","2004-06-01","2012-02-01",29,155721,44,"C++",17359,11634,170,119,608,465,257,0,0,0,0,0,0,0,0,FALSE,FALSE,FALSE,FALSE,FALSE,TRUE,FALSE,FALSE,TRUE,FALSE,FALSE,FALSE,TRUE,FALSE,TRUE,28993,"Decreasing","VeryOld",0.00657462195923741
"2734",345968,"rails-i18n","http://rails-i18n.org","http://github.com/svenfuchs/rails-i18n","rails-i18n",2,5,1,"2012-06-20T16:46:26Z","2012-06-20T16:34:31Z","2008-07-01","2012-06-01",65,2335,12,"Ruby",2794,2048,148,120,500,150,76,0,0,0,0,0,0,0,0,FALSE,FALSE,FALSE,FALSE,FALSE,TRUE,TRUE,FALSE,FALSE,FALSE,FALSE,TRUE,FALSE,TRUE,FALSE,4842,"Increasing","Old",0.00657462195923741
"2033",26990,"Debian Perl packages","http://pkg-perl.alioth.debian.org/",NA,"pkg-perl",7,5,5,"2011-07-10T09:19:34Z","2011-07-10T09:07:46Z","2007-07-01","2011-07-01",72,6702441,8,"Perl",28318,21431,10269,3863,7757,2850,128,0,0,0,0,0,0,0,0,FALSE,FALSE,FALSE,FALSE,FALSE,TRUE,FALSE,FALSE,FALSE,FALSE,FALSE,TRUE,FALSE,FALSE,TRUE,49749,"Decreasing","Old",0.00547885163269768
"238",3225,"ReactOS","http://www.reactos.org","http://www.reactos.org/en/download.html","reactos",42,4.52381,21,"2012-06-21T17:18:46Z","2012-06-21T17:12:41Z","1996-01-01","2012-06-01",30,4732703,42,"C",1193987,1228217,150679,279849,123124,189437,4208,11150,3859,841,409,1587,265,137,9,FALSE,FALSE,FALSE,FALSE,FALSE,TRUE,FALSE,FALSE,FALSE,FALSE,FALSE,FALSE,TRUE,TRUE,FALSE,2422204,"Increasing","VeryOld",0.00241069471838706
"718",5163,"Strigi","http://strigi.sf.net/",NA,"strigi",13,4.42857,7,"2012-06-25T04:46:36Z","2012-06-25T04:46:34Z","2006-04-01","2011-05-01",2,71,42,"C",1,1,0,0,0,0,1,0,0,0,0,0,0,0,0,FALSE,FALSE,FALSE,TRUE,FALSE,FALSE,FALSE,FALSE,FALSE,FALSE,FALSE,FALSE,TRUE,FALSE,TRUE,2,"Decreasing","VeryOld",0.00241069471838706
"482",4032,"VirtualBox OSE","http://www.virtualbox.org","http://www.virtualbox.org/wiki/Downloads","virtualbox",800,4.33191,235,"2012-06-26T09:12:11Z","2012-06-26T09:10:55Z","2002-10-01","2012-06-01",2,2950552,42,"C",837002,698738,158963,134761,95997,77895,4289,311,209,76,42,15,0,19,1,FALSE,FALSE,FALSE,TRUE,FALSE,FALSE,FALSE,FALSE,FALSE,FALSE,FALSE,FALSE,TRUE,FALSE,TRUE,1535740,"Decreasing","VeryOld",0.00153407845715536
"218",3169,"Magnolia CMS","http://www.magnolia-cms.com","http://magnolia-cms.com/home/downloads.html","magnolia",41,4.25,40,"2012-06-21T08:43:33Z","2012-06-21T08:36:27Z","2004-11-01","2012-05-01",25,19247938,5,"Java",7522759,1135056,741662,122388,316954,47967,5478,0,0,0,0,0,0,0,0,FALSE,FALSE,FALSE,FALSE,FALSE,TRUE,FALSE,FALSE,TRUE,FALSE,FALSE,FALSE,TRUE,TRUE,FALSE,8657815,"Increasing","VeryOld",0.0008766162612317
"16",34,"Ruby on Rails","http://rubyonrails.org","http://rubyonrails.org/download","rails",878,4.39716,282,"2012-05-24T08:54:24Z","2012-05-24T08:50:37Z","2004-11-01","2012-05-01",801,171168,12,"Ruby",128215,98290,26564,20618,20290,12296,5546,0,0,0,0,0,0,0,0,FALSE,FALSE,FALSE,FALSE,FALSE,TRUE,FALSE,FALSE,FALSE,FALSE,FALSE,FALSE,TRUE,TRUE,FALSE,226505,"Increasing","VeryOld",0.000657462195923664
"2382",172844,"man-pages","http://code.google.com/p/man-pages",NA,"man-pages",2,NA,0,"2012-06-19T07:54:42Z","2012-06-19T07:54:09Z","2004-11-01","2012-06-01",65,339,11,"shell script",2,2,0,0,0,0,2,0,0,0,0,0,0,0,0,FALSE,FALSE,FALSE,FALSE,FALSE,TRUE,FALSE,FALSE,FALSE,TRUE,FALSE,FALSE,TRUE,TRUE,FALSE,4,"Increasing","VeryOld",0.000657462195923775
"536",4265,"Debian GNU/Linux","http://www.debian.org/","http://www.debian.org/distrib/","debian",1759,4.70798,589,"2012-06-21T13:44:23Z","2012-06-21T12:58:00Z","1996-04-01","2012-06-01",633,33226218,42,"C",11482631,11240655,2026933,1306840,1639821,1100006,16595,190619,240554,45278,39103,23370,26427,723,99,FALSE,FALSE,FALSE,FALSE,FALSE,TRUE,FALSE,FALSE,FALSE,FALSE,FALSE,FALSE,TRUE,FALSE,FALSE,22723286,"NoChange","VeryOld",0.00043830813061585
"3266",481802,"ZopeSkel","http://pypi.python.org/pypi/ZopeSkel/2.15","http://pypi.python.org/pypi/ZopeSkel/2.15","zopeskel",2,5,1,"2012-06-22T03:31:31Z","2012-06-22T03:31:21Z","2006-05-01","2012-03-01",6,0,9,"Python",3460,7041,1534,3129,1018,2065,29,0,0,0,0,0,0,0,0,FALSE,FALSE,FALSE,FALSE,FALSE,FALSE,FALSE,FALSE,FALSE,FALSE,FALSE,FALSE,TRUE,TRUE,FALSE,10501,"Increasing","VeryOld",0.00043830813061585
"22",1,"Subversion","http://subversion.apache.org/","http://subversion.apache.org/packages.html","subversion",8048,4.22676,2205,"2012-06-21T13:19:33Z","2012-06-21T13:18:32Z","2000-03-01","2012-06-01",39,462537,42,"C",77598,60971,20261,13272,10777,6385,3976,4661,13903,992,3099,523,2650,308,18,FALSE,FALSE,FALSE,FALSE,FALSE,TRUE,FALSE,FALSE,FALSE,FALSE,FALSE,FALSE,TRUE,FALSE,TRUE,138569,"Decreasing","VeryOld",0.000219154065307814
"9",22,"MediaWiki","http://www.mediawiki.org/","http://www.mediawiki.org/wiki/Download","mediawiki",738,4.22979,235,"2012-06-21T10:09:00Z","2012-06-21T10:07:58Z","2003-04-01","2012-06-01",112,885608,2,"PHP",730332,617393,72206,29729,25431,11071,12255,22963,13720,8505,3394,1561,618,678,43,FALSE,FALSE,FALSE,FALSE,FALSE,TRUE,FALSE,TRUE,FALSE,FALSE,FALSE,FALSE,TRUE,FALSE,FALSE,1347725,"NoChange","VeryOld",0.000219154065307925
"407",3760,"GNOME","http://www.gnome.org/","http://download.gnome.org/","gnome",2140,4.31333,600,"2012-02-18T13:48:13Z","2012-02-18T12:32:25Z","1997-01-01","2012-02-01",1167,7121576,42,"C",1263495,1017163,203931,151215,160079,124517,24176,0,0,0,0,0,0,0,0,FALSE,FALSE,FALSE,FALSE,FALSE,TRUE,FALSE,FALSE,FALSE,FALSE,FALSE,FALSE,TRUE,FALSE,FALSE,2280658,"NoChange","VeryOld",0.000219154065307925
"432",3870,"ikiwiki","http://ikiwiki.info","http://ikiwiki.info/download","ikiwiki",30,4.6,15,"2012-06-21T21:10:42Z","2012-06-21T21:10:10Z","2006-03-01","2012-06-01",211,45085,8,"Perl",22375,2708,4017,281,4330,139,223,15,1,0,0,1,0,1,1,FALSE,FALSE,FALSE,FALSE,FALSE,TRUE,FALSE,FALSE,FALSE,FALSE,FALSE,FALSE,TRUE,FALSE,TRUE,25083,"Decreasing","VeryOld",0.000219154065307925
"4529",597604,"Intro C# Book","http://www.introprogramming.info","http://www.introprogramming.info/intro-csharp-book/","introcsharpbook",1,NA,0,"2012-06-21T05:53:46Z","2012-06-21T05:52:57Z","2009-11-01","2012-05-01",25,0,6,"JavaScript",0,1091,0,55,0,163,3,0,0,0,0,0,0,0,0,FALSE,FALSE,FALSE,FALSE,FALSE,TRUE,FALSE,FALSE,FALSE,FALSE,FALSE,FALSE,FALSE,FALSE,FALSE,1091,"NoChange","Normal",0.000219154065307925
"2",4,"Mozilla Core","http://www.mozilla.org/",NA,"mozilla",90,4.7,30,"2012-06-19T15:23:14Z","2012-06-19T05:43:42Z","1998-03-01","2012-06-01",736,9751257,44,"C++",15564948,9674782,3077406,2851142,2167346,1231034,44016,1589358,295404,303078,50096,267854,36745,3346,237,FALSE,FALSE,FALSE,FALSE,FALSE,TRUE,FALSE,FALSE,FALSE,FALSE,FALSE,FALSE,TRUE,FALSE,FALSE,25239730,"NoChange","VeryOld",0
"3",9,"Mozilla Firefox","http://www.firefox.com/","http://getfirefox.com/","firefox",11150,4.44491,3358,"2012-06-19T15:21:10Z","2012-06-19T15:05:33Z","2002-04-01","2012-06-01",736,6926846,44,"C++",15564948,9674782,3077406,2851142,2167346,1231034,44016,1589358,295404,303078,50096,267854,36745,3346,237,FALSE,FALSE,FALSE,FALSE,FALSE,TRUE,FALSE,TRUE,FALSE,FALSE,FALSE,FALSE,TRUE,FALSE,FALSE,25239730,"NoChange","VeryOld",0
"4",10,"Camino","http://caminobrowser.org/","http://caminobrowser.org/releases/latest/","camino",66,4.19048,21,"2012-06-21T12:24:00Z","2012-06-21T12:22:57Z","2002-01-01","2012-05-01",6,203709,44,"C++",45975,29146,14100,15136,6984,3025,130,0,0,0,0,0,0,0,0,FALSE,FALSE,FALSE,FALSE,FALSE,FALSE,FALSE,FALSE,FALSE,FALSE,FALSE,FALSE,TRUE,FALSE,TRUE,75121,"Decreasing","VeryOld",0
"5",15,"GNU Compiler Collection","http://gcc.gnu.org/","http://gcc.gnu.org/install/binaries.html","gcc",3669,4.58656,774,"2012-06-20T02:56:09Z","2012-06-20T02:48:45Z","1988-11-01","2012-06-01",176,6149776,42,"C",879496,474414,182010,106934,130962,57288,9028,19364,9477,4826,2694,2794,1093,471,73,FALSE,FALSE,FALSE,FALSE,FALSE,TRUE,FALSE,FALSE,FALSE,FALSE,FALSE,FALSE,TRUE,FALSE,FALSE,1353910,"NoChange","VeryOld",0
"6",16,"zsh","http://zsh.dotsrc.org/","http://sourceforge.net/project/showfiles.php?group_id=4068","zsh",440,4.62209,172,"2012-06-21T19:43:41Z","2012-06-21T19:42:47Z","1999-04-01","2012-06-01",10,105208,42,"C",1096,417,312,52,83,6,103,30,7,3,1,8,0,4,2,FALSE,FALSE,FALSE,FALSE,TRUE,FALSE,FALSE,FALSE,FALSE,FALSE,FALSE,FALSE,TRUE,FALSE,TRUE,1513,"Decreasing","VeryOld",0
"7",17,"jEdit","http://www.jedit.org","http://www.jedit.org/index.php?page=download","jedit",200,4.38667,75,"2012-06-21T20:13:53Z","2012-06-21T18:32:05Z","2000-01-01","2012-06-01",17,314978,5,"Java",47225,43901,11320,4593,3925,1644,1133,1445,436,2515,798,503,42,70,8,FALSE,FALSE,FALSE,FALSE,TRUE,FALSE,FALSE,FALSE,FALSE,FALSE,FALSE,FALSE,TRUE,TRUE,FALSE,91126,"Increasing","VeryOld",0
"8",18,"DrJava","http://drjava.org","http://sourceforge.net/project/showfiles.php?group_id=44253","drjava",2,4.5,2,"2012-06-26T02:31:40Z","2012-06-26T02:31:33Z","2001-06-01","2012-05-01",2,204586,5,"Java",6816,2398,924,754,161,44,26,0,0,0,0,0,0,0,0,FALSE,FALSE,FALSE,TRUE,FALSE,FALSE,FALSE,FALSE,FALSE,FALSE,FALSE,FALSE,TRUE,FALSE,TRUE,9214,"Decreasing","VeryOld",0
"10",25,"Moodle","http://moodle.org","http://download.moodle.org","moodle",149,4.05172,58,"2012-06-21T20:30:43Z","2012-06-21T20:27:45Z","2001-11-01","2012-06-01",119,702047,2,"PHP",1135646,1034412,288558,247921,252885,241316,11997,9884,5641,3554,1604,1306,570,717,30,FALSE,FALSE,FALSE,FALSE,FALSE,TRUE,FALSE,FALSE,FALSE,FALSE,FALSE,FALSE,TRUE,FALSE,FALSE,2170058,"NoChange","VeryOld",0
"11",26,"Python programming language","http://www.python.org","http://www.python.org/download/","python",3136,4.73168,1010,"2012-06-21T18:41:22Z","2012-06-21T18:39:43Z","1990-08-01","2012-06-01",60,882358,9,"Python",435801,286049,34674,17432,37253,13613,5816,54911,40230,6185,7631,5286,5420,471,43,FALSE,FALSE,FALSE,FALSE,FALSE,TRUE,FALSE,FALSE,FALSE,FALSE,FALSE,FALSE,TRUE,FALSE,FALSE,721850,"NoChange","VeryOld",0
"12",27,"PostgreSQL Database Server","http://www.postgresql.org/","http://www.postgresql.org/download/","postgres",1727,4.63941,538,"2012-06-21T17:03:15Z","2012-06-21T17:00:41Z","1996-07-01","2012-06-01",13,648632,42,"C",75858,42614,30412,15319,10219,3287,1738,4858,4351,3168,2779,349,148,107,9,FALSE,FALSE,FALSE,FALSE,TRUE,FALSE,FALSE,FALSE,TRUE,FALSE,FALSE,FALSE,TRUE,FALSE,FALSE,118472,"NoChange","VeryOld",0
"13",28,"PHP","http://php.net","http://www.php.net/downloads.php","php",6492,4.27575,1864,"2012-06-21T20:58:49Z","2012-06-21T20:53:18Z","1997-11-01","2012-06-01",173,3746396,42,"C",774051,381586,78233,37382,48781,14644,8184,18531,7625,2686,358,2635,344,322,26,FALSE,FALSE,FALSE,FALSE,FALSE,TRUE,FALSE,FALSE,FALSE,FALSE,FALSE,FALSE,TRUE,TRUE,FALSE,1155637,"Increasing","VeryOld",0
"14",30,"phpBB","http://www.phpbb.com/","http://www.phpbb.com/downloads/","phpbb",829,4.17033,182,"2012-06-21T10:40:15Z","2012-06-21T10:38:54Z","2001-02-01","2012-06-01",46,411968,2,"PHP",77425,66398,24206,16050,10758,9795,4979,777,333,361,49,131,19,115,9,FALSE,FALSE,FALSE,FALSE,FALSE,TRUE,TRUE,FALSE,FALSE,FALSE,FALSE,FALSE,TRUE,TRUE,FALSE,143823,"Increasing","VeryOld",0
"15",32,"Ruby","http://www.ruby-lang.org/","http://www.ruby-lang.org/en/downloads/","ruby",1122,4.54242,330,"2012-06-21T13:21:57Z","2012-06-21T13:18:39Z","1998-01-01","2012-06-01",43,850246,12,"Ruby",94464,64362,14648,9064,6570,2208,3449,5803,4400,1091,673,405,197,407,17,FALSE,FALSE,FALSE,FALSE,FALSE,TRUE,FALSE,TRUE,FALSE,FALSE,FALSE,FALSE,TRUE,FALSE,FALSE,158826,"NoChange","VeryOld",0
"17",36,"Thunderbird","http://mozilla.org/thunderbird/","http://mozilla.org/thunderbird/all.html","thunderbird",3091,4.15944,784,"2012-06-21T20:32:48Z","2012-06-21T20:30:06Z","1998-03-01","2012-06-01",167,1166228,44,"C++",227310,117448,66042,135173,35106,13868,3126,15781,15144,2759,2232,2248,2316,227,45,FALSE,FALSE,FALSE,FALSE,FALSE,TRUE,FALSE,FALSE,FALSE,FALSE,FALSE,FALSE,TRUE,FALSE,FALSE,344758,"NoChange","VeryOld",0
"18",37,"ViewVC","http://www.viewvc.org/","http://viewvc.tigris.org/servlets/ProjectDocumentList?folderID=6004","viewvc",78,4,25,"2012-06-26T21:14:14Z","2012-06-26T21:14:02Z","1999-12-01","2012-06-01",2,21492,9,"Python",2364,1277,302,131,259,105,64,0,0,0,0,0,0,0,0,FALSE,FALSE,FALSE,TRUE,FALSE,FALSE,FALSE,FALSE,FALSE,FALSE,FALSE,FALSE,TRUE,FALSE,FALSE,3641,"NoChange","VeryOld",0
"19",38,"WebCalendar","http://www.k5n.us/webcalendar.php",NA,"webcalendar",6,4.66667,3,"2012-06-24T08:51:32Z","2012-06-24T08:51:24Z","2001-05-01","2012-02-01",3,68915,2,"PHP",20671,15971,2842,1644,2421,958,186,0,0,0,0,0,0,0,0,FALSE,FALSE,FALSE,TRUE,FALSE,FALSE,FALSE,FALSE,FALSE,FALSE,FALSE,FALSE,TRUE,FALSE,FALSE,36642,"NoChange","VeryOld",0
"20",41,"Spring Framework","http://github.com/SpringSource/spring-framework","http://springsource.org/spring-framework#download","spring",953,4.59216,255,"2012-06-21T08:43:36Z","2012-06-21T08:36:50Z","2004-03-01","2012-06-01",69,1101837,5,"Java",1360635,1346110,550364,555491,277019,275615,3473,27826,19083,6020,3295,3919,2144,237,17,FALSE,FALSE,FALSE,FALSE,FALSE,TRUE,FALSE,FALSE,FALSE,FALSE,FALSE,FALSE,TRUE,FALSE,TRUE,2706745,"Decreasing","VeryOld",0
"21",43,"GIMP","http://www.gimp.org/","http://www.gimp.org/downloads/","gimp",3830,4.19028,988,"2012-06-21T19:41:55Z","2012-06-21T19:38:36Z","1997-01-01","2012-06-01",121,724749,42,"C",76177,97082,8082,11176,11141,16023,1894,4959,10257,807,1833,951,2477,49,6,FALSE,FALSE,FALSE,FALSE,FALSE,TRUE,FALSE,FALSE,FALSE,FALSE,FALSE,FALSE,TRUE,FALSE,FALSE,173259,"NoChange","VeryOld",0
"221",44,"Shareaza","http://shareaza.sourceforge.net/","http://shareaza.sourceforge.net/?id=download","shareaza",25,4.31579,19,"2012-06-25T07:42:16Z","2012-06-25T07:41:40Z","2004-06-01","2012-06-01",2,564689,44,"C++",19967,12764,4375,1998,1798,530,137,0,0,0,0,0,0,0,0,FALSE,FALSE,FALSE,TRUE,FALSE,FALSE,FALSE,FALSE,FALSE,FALSE,FALSE,FALSE,TRUE,FALSE,TRUE,32731,"Decreasing","VeryOld",0
"23",45,"WikkaWiki","http://wikkawiki.org","http://docs.wikkawiki.org/WhatsNew","wikka",20,4.54545,11,"2012-06-25T19:05:29Z","2012-06-25T19:05:24Z","2005-11-01","2012-05-01",2,51025,2,"PHP",1866,729,343,223,254,31,109,0,0,0,0,0,0,0,0,FALSE,FALSE,FALSE,TRUE,FALSE,FALSE,FALSE,FALSE,FALSE,FALSE,FALSE,FALSE,TRUE,FALSE,TRUE,2595,"Decreasing","VeryOld",0
"24",47,"MantisBT","http://www.mantisbt.org/","http://www.mantisbt.org/download.php","mantis",282,4.04301,93,"2012-06-21T19:38:13Z","2012-06-21T19:37:26Z","2000-12-01","2012-06-01",20,191657,2,"PHP",11868,3755,3012,1414,2375,184,615,230,73,42,13,53,8,56,6,FALSE,FALSE,FALSE,FALSE,TRUE,FALSE,FALSE,FALSE,FALSE,FALSE,FALSE,FALSE,TRUE,FALSE,FALSE,15623,"NoChange","VeryOld",0
"25",48,"NAnt","http://nant.sourceforge.net",NA,"nant",277,4.0641,78,"2012-06-21T07:30:41Z","2012-06-21T07:30:31Z","2001-08-01","2012-06-01",9,85661,17,"C#",21922,16233,6605,2111,1955,290,254,106,11,0,0,0,0,5,1,FALSE,FALSE,FALSE,FALSE,FALSE,FALSE,FALSE,FALSE,FALSE,TRUE,FALSE,FALSE,TRUE,TRUE,FALSE,38155,"Increasing","VeryOld",0
"26",49,"Mailman","http://www.list.org",NA,"mailman",198,3.61702,47,"2011-09-01T08:33:13Z","2011-09-01T07:50:33Z","1995-09-01","2011-08-01",3,122417,9,"Python",1197,2293,624,1474,340,792,34,0,0,0,0,0,0,0,0,FALSE,FALSE,FALSE,TRUE,FALSE,FALSE,FALSE,FALSE,TRUE,FALSE,FALSE,FALSE,TRUE,FALSE,FALSE,3490,"NoChange","VeryOld",0
"27",51,"Lodel","http://www.lodel.org","https://sourcesup.cru.fr/frs/?group_id=193","lodel",5,4.75,4,"2012-06-25T03:31:13Z","2012-06-25T03:30:06Z","2003-02-01","2012-06-01",3,188439,2,"PHP",4141,1223,2727,681,505,65,376,0,0,0,0,0,0,0,0,FALSE,FALSE,FALSE,TRUE,FALSE,FALSE,FALSE,FALSE,TRUE,FALSE,FALSE,FALSE,TRUE,FALSE,FALSE,5364,"NoChange","VeryOld",0
"28",52,"e107","http://e107.org","http://e107.org/edownload.php","e107",12,4.5,10,"2012-06-20T17:12:01Z","2012-06-20T17:09:21Z","2004-09-01","2012-06-01",5,1017113,2,"PHP",53563,46378,18150,12935,8598,5116,991,1569,11920,171,3711,295,2287,12,2,FALSE,FALSE,FALSE,FALSE,FALSE,FALSE,FALSE,TRUE,FALSE,FALSE,FALSE,FALSE,TRUE,FALSE,FALSE,99941,"NoChange","VeryOld",0
"29",55,"Hibernate","http://hibernate.org","http://sourceforge.net/project/showfiles.php?group_id=40712&package_id=127784","hibernate",1006,4.23922,255,"2012-06-20T23:54:42Z","2012-06-20T23:52:02Z","2003-01-01","2012-06-01",45,1019234,5,"Java",496882,445114,141650,119972,100111,88492,1000,170162,169152,45191,44455,36318,36095,26,4,FALSE,FALSE,FALSE,FALSE,FALSE,TRUE,FALSE,FALSE,FALSE,FALSE,FALSE,FALSE,TRUE,FALSE,FALSE,941996,"NoChange","VeryOld",0
"30",58,"TYPO3","http://typo3.org","http://typo3.org/download/packages/","typo3",123,3.80519,77,"2012-06-21T16:58:10Z","2012-06-21T16:52:51Z","2003-10-01","2012-06-01",130,484157,2,"PHP",592203,508965,230257,189600,98118,89746,2628,13094,12000,12609,10291,1367,3609,293,20,FALSE,FALSE,FALSE,FALSE,FALSE,TRUE,FALSE,FALSE,FALSE,FALSE,FALSE,FALSE,TRUE,FALSE,TRUE,1101168,"Decreasing","VeryOld",0
"31",59,"Audacity","http://audacity.sourceforge.net","http://audacity.sourceforge.net/download/","audacity",976,4.22302,278,"2012-06-20T12:17:40Z","2012-06-20T12:10:24Z","2001-11-01","2012-06-01",9,160688,44,"C++",6404,4216,1235,443,612,315,274,758,339,171,75,204,32,33,5,FALSE,FALSE,FALSE,FALSE,FALSE,FALSE,FALSE,FALSE,FALSE,FALSE,FALSE,FALSE,TRUE,FALSE,TRUE,10620,"Decreasing","VeryOld",0
"32",63,"Pidgin","http://www.pidgin.im/","http://pidgin.im/download/","pidgin",2030,4.12392,581,"2012-06-21T11:28:00Z","2012-06-21T11:27:52Z","2000-03-01","2012-05-01",34,336663,42,"C",156062,273657,30639,42491,20493,41061,958,0,0,0,0,0,0,0,0,FALSE,FALSE,FALSE,FALSE,FALSE,TRUE,FALSE,FALSE,FALSE,FALSE,FALSE,FALSE,TRUE,FALSE,TRUE,429719,"Decreasing","VeryOld",0
"34",67,"Zope","http://zope2.zope.org","http://pypi.python.org/pypi/Zope2","zope",143,4225,40,"2011-10-31T17:54:22Z","2011-10-31T17:47:19Z","1996-06-01","2011-10-01",46,492916,9,"Python",4372,8016,939,2280,871,1909,206,0,0,0,0,0,0,0,0,FALSE,FALSE,FALSE,FALSE,FALSE,TRUE,FALSE,FALSE,TRUE,FALSE,FALSE,FALSE,TRUE,FALSE,TRUE,12388,"Decreasing","VeryOld",0
"35",68,"XWiki","http://www.xwiki.org","http://www.xwiki.org/xwiki/bin/view/Main/Download","xwiki",45,4.77419,31,"2012-06-21T20:54:57Z","2012-06-21T20:53:26Z","2006-10-01","2012-06-01",33,626270,5,"Java",580363,402203,203178,173844,73699,49601,5073,12203,7698,4937,3011,1885,1134,265,14,FALSE,FALSE,FALSE,FALSE,FALSE,TRUE,FALSE,FALSE,FALSE,FALSE,FALSE,FALSE,TRUE,FALSE,FALSE,982566,"NoChange","VeryOld",0
"36",69,"Inkscape","http://www.inkscape.org","http://www.inkscape.org/download/?lang=en","inkscape",1373,4.38128,438,"2012-06-21T21:09:06Z","2012-06-21T21:07:16Z","2006-01-01","2012-06-01",27,529704,44,"C++",210133,148924,39281,35409,32309,23808,1380,2161,2082,204,390,330,307,74,8,FALSE,FALSE,FALSE,FALSE,FALSE,TRUE,FALSE,FALSE,FALSE,FALSE,FALSE,FALSE,TRUE,TRUE,FALSE,359057,"Increasing","VeryOld",0
"37",70,"Plone","http://plone.org","http://plone.org/download","plone",199,4.28155,103,"2012-06-20T02:49:25Z","2012-06-19T23:44:48Z","2002-02-01","2012-06-01",192,444153,9,"Python",363498,251318,38382,19885,28856,28518,3283,5799,4813,787,735,622,376,156,29,FALSE,FALSE,FALSE,FALSE,FALSE,TRUE,FALSE,FALSE,FALSE,FALSE,FALSE,FALSE,TRUE,FALSE,FALSE,614816,"NoChange","VeryOld",0
"38",71,"Zikula","http://zikula.org","http://code.zikula.org/core/downloads","zikula",31,4,23,"2012-02-19T22:10:25Z","2012-02-19T22:09:02Z","2010-03-01","2012-02-01",22,215293,2,"PHP",394584,507237,206300,281734,87774,109390,900,0,0,0,0,0,0,0,0,FALSE,FALSE,FALSE,FALSE,TRUE,FALSE,FALSE,FALSE,TRUE,FALSE,FALSE,FALSE,FALSE,FALSE,FALSE,901821,"NoChange","Normal",0
"39",72,"Apache HTTP Server","http://httpd.apache.org/","http://httpd.apache.org/download.cgi","apache",7935,4.53992,2054,"2012-06-21T04:56:35Z","2012-06-21T04:54:11Z","1996-07-01","2012-06-01",33,1585917,42,"C",363781,282951,18244,15275,23205,8834,3656,7583,6589,185,194,299,42,153,7,FALSE,FALSE,FALSE,FALSE,FALSE,TRUE,FALSE,FALSE,TRUE,FALSE,FALSE,FALSE,TRUE,FALSE,FALSE,646732,"NoChange","VeryOld",0
"40",74,"Wine","http://www.winehq.org","http://www.winehq.org/site/download","wine",972,4.11715,239,"2012-06-21T10:13:19Z","2012-06-21T10:09:36Z","1993-06-01","2012-06-01",160,2319655,42,"C",304364,190141,16031,13845,40933,17496,8612,27746,13559,1857,717,4162,380,678,40,FALSE,FALSE,FALSE,FALSE,FALSE,TRUE,FALSE,TRUE,FALSE,FALSE,FALSE,FALSE,TRUE,FALSE,FALSE,494505,"NoChange","VeryOld",0
"41",76,"ImageMagick","http://www.imagemagick.org/","http://www.imagemagick.org/script/download.php","imagemagick",1159,4.2381,231,"2012-06-25T14:12:20Z","2012-06-25T14:03:20Z","2009-09-01","2012-06-01",4,783402,42,"C",331288,309562,84533,86565,32596,30176,2452,0,0,0,0,0,0,0,0,FALSE,FALSE,FALSE,TRUE,FALSE,FALSE,FALSE,FALSE,TRUE,FALSE,FALSE,FALSE,FALSE,FALSE,FALSE,640850,"NoChange","Normal",0
"42",82,"Yet Another Forum.NET","http://www.yetanotherforum.net/","http://yafnet.codeplex.com","yaf",89,4.08333,12,"2012-06-22T21:39:25Z","2012-06-22T21:37:46Z","2003-09-01","2012-06-01",7,498888,6,"JavaScript",794788,647853,111137,61831,42272,13980,1228,0,0,0,0,0,0,0,0,FALSE,FALSE,FALSE,FALSE,FALSE,FALSE,FALSE,FALSE,FALSE,FALSE,FALSE,FALSE,TRUE,FALSE,TRUE,1442641,"Decreasing","VeryOld",0
"43",86,"Ganglia","http://ganglia.sourceforge.net","http://sourceforge.net/project/showfiles.php?group_id=43021","ganglia",13,4.33333,6,"2012-06-21T16:21:39Z","2012-06-21T16:18:51Z","2002-06-01","2012-06-01",24,325304,42,"C",14979,8184,1980,1501,2677,1153,270,2037,80,334,12,400,0,12,4,FALSE,FALSE,FALSE,FALSE,TRUE,FALSE,FALSE,FALSE,FALSE,FALSE,FALSE,FALSE,TRUE,TRUE,FALSE,23163,"Increasing","VeryOld",0
"44",88,"JUnit","http://www.junit.org","http://sourceforge.net/project/showfiles.php?group_id=15278","junit",1318,4.37829,304,"2012-06-21T07:11:11Z","2012-06-21T07:11:00Z","2000-12-01","2012-06-01",31,24908,5,"Java",19037,4835,2893,491,3359,452,253,37,9,152,34,11,1,6,2,FALSE,FALSE,FALSE,FALSE,FALSE,TRUE,FALSE,TRUE,FALSE,FALSE,FALSE,FALSE,TRUE,TRUE,FALSE,23872,"Increasing","VeryOld",0
"45",91,"PhpWiki","http://phpwiki.sourceforge.net/","http://sourceforge.net/projects/phpwiki/","phpwiki",5,2.75,4,"2012-06-24T10:11:47Z","2012-06-24T10:11:29Z","2000-06-01","2012-06-01",2,134616,2,"PHP",1319,1003,364,257,115,12,247,0,0,0,0,0,0,0,0,FALSE,FALSE,FALSE,TRUE,FALSE,FALSE,FALSE,FALSE,FALSE,FALSE,FALSE,FALSE,TRUE,FALSE,TRUE,2322,"Decreasing","VeryOld",0
"46",93,"SquirrelMail","http://squirrelmail.org","http://squirrelmail.org/download.php","squirrelmail",125,3.71875,32,"2012-06-24T10:07:33Z","2012-06-24T09:13:06Z","1999-11-01","2012-06-01",3,230603,2,"PHP",747,479,2033,1752,55,11,194,0,0,0,0,0,0,0,0,FALSE,FALSE,FALSE,TRUE,FALSE,FALSE,FALSE,FALSE,FALSE,FALSE,FALSE,FALSE,TRUE,FALSE,FALSE,1226,"NoChange","VeryOld",0
"47",94,"Miranda IM","http://www.miranda-im.org/","http://www.miranda-im.org/download/","miranda",140,4.16176,68,"2012-06-20T23:42:07Z","2012-06-20T23:41:40Z","2001-02-01","2012-06-01",8,757159,42,"C",76279,71183,23583,20485,3630,659,379,273,239,25,22,19,2,11,1,FALSE,FALSE,FALSE,FALSE,FALSE,FALSE,FALSE,FALSE,TRUE,FALSE,FALSE,FALSE,TRUE,FALSE,TRUE,147462,"Decreasing","VeryOld",0
"48",96,"Asterisk","http://www.asterisk.org/","http://www.asterisk.org/downloads/","asterisk",154,4.34783,46,"2012-06-21T11:30:30Z","2012-06-21T11:26:25Z","1999-10-01","2012-06-01",31,825147,42,"C",289651,221857,36880,10838,37108,13607,1845,10432,1523,3319,329,2127,48,91,15,FALSE,FALSE,FALSE,FALSE,FALSE,TRUE,FALSE,FALSE,FALSE,FALSE,FALSE,FALSE,TRUE,FALSE,FALSE,511508,"NoChange","VeryOld",0
"49",97,"CKeditor WYSIWYG editor","http://ckeditor.com/","http://ckeditor.com/download","ckeditor",168,4.16071,56,"2012-06-20T22:12:28Z","2012-06-20T22:11:50Z","2006-03-01","2012-06-01",9,241860,6,"JavaScript",13993,5649,2031,1263,660,45,602,600,204,45,17,25,0,57,7,FALSE,FALSE,FALSE,FALSE,FALSE,FALSE,FALSE,FALSE,FALSE,FALSE,FALSE,FALSE,TRUE,FALSE,TRUE,19642,"Decreasing","VeryOld",0
"50",99,"Scribus","http://www.scribus.net","http://www.scribus.net/modules.php?op=modload&name=Downloads&file=index","scribus",129,3.97727,44,"2012-06-22T21:51:42Z","2012-06-22T21:51:07Z","2003-05-01","2012-06-01",6,2616195,44,"C++",389718,233672,6734,3354,6031,1215,576,2,2,0,0,0,0,1,1,FALSE,FALSE,FALSE,FALSE,FALSE,FALSE,FALSE,TRUE,FALSE,FALSE,FALSE,FALSE,TRUE,FALSE,TRUE,623390,"Decreasing","VeryOld",0
"51",103,"WebGUI","http://www.webgui.org","http://www.getwebgui.com","WebGUI",13,4.5,6,"2012-06-21T15:46:02Z","2012-06-21T15:45:50Z","2001-08-01","2012-04-01",13,519662,8,"Perl",68370,130316,14417,15106,11762,27836,365,3,2,1,0,0,1,1,1,FALSE,FALSE,FALSE,FALSE,TRUE,FALSE,FALSE,FALSE,FALSE,FALSE,FALSE,FALSE,TRUE,FALSE,TRUE,198686,"Decreasing","VeryOld",0
"52",106,"Prototype Javascript Framework","http://prototypejs.org","http://prototypejs.org/download","prototype",506,4.12281,171,"2012-06-20T20:28:34Z","2012-06-20T20:28:05Z","2007-01-01","2012-06-01",4,13295,6,"JavaScript",2481,1517,996,677,458,12,71,0,0,0,0,0,0,0,0,FALSE,FALSE,FALSE,FALSE,FALSE,FALSE,FALSE,FALSE,FALSE,TRUE,FALSE,FALSE,TRUE,TRUE,FALSE,3998,"Increasing","VeryOld",0
"53",110,"MythTV","http://www.mythtv.org","http://www.mythtv.org/download","mythtv",103,4.3,30,"2012-06-21T23:22:42Z","2012-06-21T23:21:03Z","2002-05-01","2012-06-01",131,3531201,42,"C",4022035,2443604,277693,143384,271605,130582,4411,130018,45901,16242,3262,16746,1995,286,22,FALSE,FALSE,FALSE,FALSE,FALSE,TRUE,FALSE,TRUE,FALSE,FALSE,FALSE,FALSE,TRUE,FALSE,FALSE,6465639,"NoChange","VeryOld",0
"54",111,"Simple DirectMedia Layer","http://www.libsdl.org/","http://www.libsdl.org/download-1.2.php","sdl",211,4.23077,65,"2012-06-12T04:39:05Z","2012-06-12T04:36:15Z","1999-10-01","2012-06-01",13,1770890,42,"C",134177,104272,12138,9005,11534,7102,858,1192,25,242,0,199,2,10,3,FALSE,FALSE,FALSE,FALSE,TRUE,FALSE,FALSE,FALSE,FALSE,FALSE,FALSE,FALSE,TRUE,FALSE,TRUE,238449,"Decreasing","VeryOld",0
"55",112,"Jython","http://jython.org/","http://sourceforge.net/project/showfiles.php?group_id=12867&package_id=12218","jython",52,4,15,"2012-06-19T23:50:37Z","2012-06-19T23:42:55Z","1997-12-01","2012-06-01",15,1042582,9,"Python",1053736,286317,273684,73883,209196,53140,566,17137,1384,2727,134,2640,31,64,9,FALSE,FALSE,FALSE,FALSE,TRUE,FALSE,FALSE,FALSE,FALSE,FALSE,FALSE,FALSE,TRUE,FALSE,FALSE,1340053,"NoChange","VeryOld",0
"56",114,"FLAC - Free Lossless Audio Codec","http://flac.sourceforge.net","http://flac.sourceforge.net/download.html","flac",496,4.71,100,"2012-06-19T17:02:18Z","2012-06-19T17:01:04Z","2000-12-01","2012-06-01",9,163809,42,"C",1934,4128,372,489,301,575,118,92,83,9,7,18,8,7,3,FALSE,FALSE,FALSE,FALSE,FALSE,FALSE,FALSE,FALSE,FALSE,FALSE,FALSE,FALSE,TRUE,TRUE,FALSE,6062,"Increasing","VeryOld",0
"57",116,"FreeMind","http://freemind.sourceforge.net","http://freemind.sourceforge.net/wiki/index.php/Main_Page#Download_and_install","freemind",287,4.13636,88,"2012-06-24T13:15:25Z","2012-06-24T13:13:17Z","2011-02-01","2012-06-01",3,121041,5,"Java",43512,16325,14335,5934,4099,821,406,0,0,0,0,0,0,0,0,FALSE,FALSE,FALSE,TRUE,FALSE,FALSE,FALSE,FALSE,FALSE,FALSE,FALSE,FALSE,FALSE,FALSE,FALSE,59837,"NoChange","Normal",0
"58",117,"Songbird","http://getsongbird.com/","http://getsongbird.com/download/","songbird",88,4.05556,36,"2012-06-19T16:08:48Z","2012-06-19T16:07:48Z","2006-03-01","2012-06-01",11,431060,44,"C++",17050,4679,5234,1228,3716,808,239,111,98,3,6,8,7,23,4,FALSE,FALSE,FALSE,FALSE,TRUE,FALSE,FALSE,FALSE,TRUE,FALSE,FALSE,FALSE,TRUE,FALSE,TRUE,21729,"Decreasing","VeryOld",0
"59",123,"The Freenet Project","http://freenetproject.org","http://freenetproject.org/download.html","freenet",24,4.4,10,"2012-06-19T01:22:24Z","2012-06-19T01:21:59Z","2000-10-01","2012-04-01",22,427795,5,"Java",30959,18223,6169,2808,2949,1305,945,0,0,0,0,0,0,0,0,FALSE,FALSE,FALSE,FALSE,TRUE,FALSE,FALSE,TRUE,FALSE,FALSE,FALSE,FALSE,TRUE,FALSE,TRUE,49182,"Decreasing","VeryOld",0
"60",124,"DOSBox","http://www.dosbox.com","http://www.dosbox.com/download.php?main=1","dosbox",248,4.54412,68,"2012-06-21T05:47:10Z","2012-06-21T05:46:48Z","2002-07-01","2012-06-01",3,119202,44,"C++",1120,657,195,118,60,4,52,0,0,0,0,0,0,0,0,FALSE,FALSE,FALSE,FALSE,FALSE,FALSE,FALSE,TRUE,FALSE,FALSE,FALSE,FALSE,TRUE,FALSE,TRUE,1777,"Decreasing","VeryOld",0
"61",126,"AOLserver","http://aolserver.com/","http://sourceforge.net/project/showfiles.php?group_id=3152&package_id=3064","aolserver",9,4.2,5,"2011-08-09T19:58:52Z","2011-08-09T19:02:06Z","2000-05-01","2011-08-01",3,227755,42,"C",190,152,130,102,37,28,10,0,0,0,0,0,0,0,0,FALSE,FALSE,FALSE,TRUE,FALSE,FALSE,FALSE,FALSE,FALSE,TRUE,FALSE,FALSE,TRUE,TRUE,FALSE,342,"Increasing","VeryOld",0
"62",143,"Dillo","http://www.dillo.org/",NA,"dillo",16,3.6,10,"2012-06-21T04:34:52Z","2012-06-21T04:34:40Z","2007-10-01","2012-06-01",8,48911,44,"C++",6896,5107,903,680,440,193,255,18,10,0,1,1,0,5,2,FALSE,FALSE,FALSE,FALSE,FALSE,FALSE,FALSE,FALSE,FALSE,FALSE,FALSE,TRUE,FALSE,FALSE,TRUE,12003,"Decreasing","Old",0
"63",144,"GNU Octave","http://www.octave.org","http://www.octave.org/download.html","octave",97,4.28205,39,"2011-11-14T11:14:22Z","2011-11-14T11:12:49Z","2001-10-01","2011-11-01",88,817779,44,"C++",585124,564961,440193,342840,114094,64645,4934,5592,2894,2840,1215,848,306,210,26,FALSE,FALSE,FALSE,FALSE,FALSE,TRUE,FALSE,FALSE,FALSE,FALSE,FALSE,FALSE,TRUE,FALSE,FALSE,1150085,"NoChange","VeryOld",0
"64",153,"Liferea","http://liferea.sourceforge.net","http://sourceforge.net/project/showfiles.php?group_id=87005","liferea",120,4.08511,47,"2012-06-24T01:34:47Z","2012-06-24T01:30:59Z","2003-07-01","2012-06-01",3,72774,42,"C",1475,2658,334,1089,287,527,106,0,0,0,0,0,0,0,0,FALSE,FALSE,FALSE,TRUE,FALSE,FALSE,FALSE,FALSE,TRUE,FALSE,FALSE,FALSE,TRUE,FALSE,TRUE,4133,"Decreasing","VeryOld",0
"65",154,"SWIG","http://www.swig.org","http://www.swig.org/download.html","swig",55,4.25,12,"2012-06-21T17:16:26Z","2012-06-21T17:14:28Z","1999-08-01","2012-06-01",11,367076,44,"C++",8131,6262,453,1152,743,1148,278,44,16,5,0,5,0,2,1,FALSE,FALSE,FALSE,FALSE,TRUE,FALSE,FALSE,FALSE,FALSE,FALSE,FALSE,FALSE,TRUE,FALSE,TRUE,14393,"Decreasing","VeryOld",0
"66",155,"LAME (Lame Ain't an MP3 Encoder)","http://lame.sourceforge.net",NA,"lame",691,4.56098,123,"2012-06-23T21:08:20Z","2012-06-23T21:07:56Z","1999-11-01","2012-06-01",2,116448,42,"C",1740,1466,123,286,78,103,67,0,0,0,0,0,0,0,0,FALSE,FALSE,FALSE,TRUE,FALSE,FALSE,FALSE,FALSE,FALSE,FALSE,FALSE,FALSE,TRUE,FALSE,FALSE,3206,"NoChange","VeryOld",0
"67",156,"wxPython","http://wxPython.org","http://wxpython.org/download.php","wxpython",89,4.27586,29,"2012-06-21T12:41:06Z","2012-06-21T12:40:47Z","2007-06-01","2012-06-01",4,2422516,44,"C++",120311,59253,16098,5572,15592,2463,711,0,0,0,0,0,0,0,0,FALSE,FALSE,FALSE,FALSE,FALSE,FALSE,TRUE,FALSE,FALSE,FALSE,FALSE,FALSE,TRUE,TRUE,FALSE,179564,"Increasing","VeryOld",0
"68",158,"OpenVPN","http://openvpn.net","http://openvpn.net/download.html","openvpn",432,4.42,100,"2012-06-21T18:56:11Z","2012-06-21T18:55:57Z","2002-03-01","2012-06-01",20,317266,42,"C",151224,157529,49011,45081,26238,27939,729,133,249,11,10,12,16,18,3,FALSE,FALSE,FALSE,FALSE,TRUE,FALSE,FALSE,FALSE,FALSE,FALSE,FALSE,FALSE,TRUE,FALSE,FALSE,308753,"NoChange","VeryOld",0
"69",159,"NUnit .Net unit testing framework","http://nunit.org","http://nunit.org/index.php?p=download","nunit",581,4.47778,180,"2012-06-22T12:04:01Z","2012-06-22T11:59:57Z","2000-09-01","2012-04-01",3,626845,17,"C#",304687,153430,16986,6075,10295,4371,389,0,0,0,0,0,0,0,0,FALSE,FALSE,FALSE,FALSE,FALSE,FALSE,FALSE,FALSE,TRUE,FALSE,FALSE,FALSE,TRUE,FALSE,FALSE,458117,"NoChange","VeryOld",0
"70",160,"Kopete IM Client (KDE)","http://kopete.kde.org",NA,"kopete",299,4.09402,117,"2011-09-12T13:40:27Z","2011-09-12T13:35:17Z","2001-11-01","2011-08-01",28,374990,44,"C++",2524,2434,254,247,8,1,19,0,0,0,0,0,0,0,0,FALSE,FALSE,FALSE,FALSE,FALSE,TRUE,FALSE,FALSE,FALSE,FALSE,FALSE,FALSE,TRUE,FALSE,TRUE,4958,"Decreasing","VeryOld",0
"71",161,"Gajim","http://www.gajim.org/","http://www.gajim.org/downloads.php","gajim",108,4.44,50,"2012-06-22T21:29:26Z","2012-06-22T21:28:41Z","2003-10-01","2012-06-01",6,97689,9,"Python",24254,24849,2422,2649,2432,1960,892,28,3,0,0,0,0,3,1,FALSE,FALSE,FALSE,FALSE,FALSE,FALSE,FALSE,FALSE,FALSE,FALSE,FALSE,FALSE,TRUE,FALSE,FALSE,49103,"NoChange","VeryOld",0
"72",162,"Open For Business Project (Apache OFBiz)","http://ofbiz.apache.org/","http://build.ofbiz.org/",NA,14,4.75,4,"2011-09-16T07:59:17Z","2011-09-16T07:56:27Z","2006-12-01","2011-09-01",18,1326038,5,"Java",57606,8494,4384,687,3235,337,254,0,0,0,0,0,0,0,0,FALSE,FALSE,FALSE,FALSE,TRUE,FALSE,FALSE,TRUE,FALSE,FALSE,FALSE,TRUE,FALSE,FALSE,TRUE,66100,"Decreasing","Old",0
"73",163,"Stellarium","http://stellarium.org/","http://sourceforge.net/projects/stellarium/files/","stellarium",84,4.33333,30,"2012-06-19T07:30:34Z","2012-06-19T07:28:47Z","2002-07-01","2012-06-01",21,1256232,42,"C",85903,43142,9855,3927,7637,1259,923,8764,3015,1221,586,1139,351,79,4,FALSE,FALSE,FALSE,FALSE,TRUE,FALSE,TRUE,FALSE,FALSE,FALSE,FALSE,FALSE,TRUE,FALSE,FALSE,129045,"NoChange","VeryOld",0
"74",165,"gnuplot","http://www.gnuplot.info",NA,"gnuplot",142,4.14894,47,"2012-06-23T01:43:36Z","2012-06-23T01:42:37Z","1998-04-01","2012-06-01",6,157057,42,"C",8732,5313,1617,1432,824,379,392,3,1,0,0,0,0,1,1,FALSE,FALSE,FALSE,FALSE,FALSE,FALSE,FALSE,FALSE,FALSE,FALSE,FALSE,FALSE,TRUE,FALSE,FALSE,14045,"NoChange","VeryOld",0
"75",166,"tcpdump","http://www.tcpdump.org/",NA,"tcpdump",524,4.43182,88,"2012-06-20T16:53:07Z","2012-06-20T16:50:03Z","1999-10-01","2012-06-01",20,88921,42,"C",2432,1059,209,65,312,57,92,580,143,21,1,93,1,13,3,FALSE,FALSE,FALSE,FALSE,TRUE,FALSE,FALSE,FALSE,FALSE,FALSE,FALSE,FALSE,TRUE,FALSE,FALSE,3491,"NoChange","VeryOld",0
"76",169,"Aqsis Renderer","http://www.aqsis.org","http://downloads.sourceforge.net/aqsis","aqsis",9,4.8,5,"2012-06-20T03:00:42Z","2012-06-20T03:00:39Z","2007-08-01","2012-03-01",7,160960,44,"C++",12757,10441,4698,2700,1887,1501,124,0,0,0,0,0,0,0,0,FALSE,FALSE,FALSE,FALSE,FALSE,FALSE,FALSE,FALSE,FALSE,FALSE,FALSE,TRUE,FALSE,FALSE,TRUE,23198,"Decreasing","Old",0
"77",170,"Fluxbox","http://fluxbox.org","http://fluxbox.org/download/","fluxbox",104,4.58537,41,"2012-06-20T05:33:32Z","2012-06-20T05:33:31Z","2001-12-01","2012-04-01",10,52547,44,"C++",1292,13356,103,364,103,2940,85,0,0,0,0,0,0,0,0,FALSE,FALSE,FALSE,FALSE,TRUE,FALSE,FALSE,FALSE,FALSE,FALSE,FALSE,FALSE,TRUE,FALSE,TRUE,14648,"Decreasing","VeryOld",0
"78",172,"aMSN","http://www.amsn-project.net","http://www.amsn-project.net/download.php","amsn",27,4.14286,14,"2012-06-22T11:56:33Z","2012-06-22T11:56:15Z","2002-05-01","2012-06-01",5,302368,25,"Tcl",1574,908,98,23,279,45,79,0,0,0,0,0,0,0,0,FALSE,FALSE,FALSE,FALSE,FALSE,FALSE,FALSE,FALSE,FALSE,FALSE,FALSE,FALSE,TRUE,FALSE,TRUE,2482,"Decreasing","VeryOld",0
"79",175,"NHibernate","http://www.nhforge.org","http://sourceforge.net/projects/nhibernate/","nhibernate",629,4.67476,206,"2012-06-21T19:26:03Z","2012-06-21T19:25:43Z","2003-02-01","2012-06-01",31,521410,17,"C#",67637,43851,7498,7337,4273,1236,753,8018,5102,335,195,648,121,106,5,FALSE,FALSE,FALSE,FALSE,FALSE,TRUE,FALSE,TRUE,FALSE,FALSE,FALSE,FALSE,TRUE,FALSE,TRUE,111488,"Decreasing","VeryOld",0
"80",176,"Net-SNMP","http://www.net-snmp.org",NA,"netsnmp",64,4.38889,18,"2012-06-19T12:31:25Z","2012-06-19T12:26:42Z","1994-10-01","2012-06-01",26,771000,42,"C",44538,39392,4877,3338,4159,2549,2031,545,181,41,0,59,0,23,4,FALSE,FALSE,FALSE,FALSE,FALSE,TRUE,FALSE,FALSE,TRUE,FALSE,FALSE,FALSE,TRUE,FALSE,TRUE,83930,"Decreasing","VeryOld",0
"81",178,"Quartz Enterprise Job Scheduler","http://www.opensymphony.com/quartz","http://www.opensymphony.com/quartz/download.action","quartz",230,4.07895,38,"2012-06-19T20:46:46Z","2012-06-19T19:24:34Z","2004-01-01","2012-06-01",12,52019,5,"Java",155106,141233,103315,99335,38022,35222,270,510,67,345,0,137,2,11,3,FALSE,FALSE,FALSE,FALSE,TRUE,FALSE,FALSE,FALSE,TRUE,FALSE,FALSE,FALSE,TRUE,TRUE,FALSE,296339,"Increasing","VeryOld",0
"82",187,"Jetty - Java HTTP Servlet Server","http://www.eclipse.org/jetty","http://download.eclipse.org/jetty/","jetty",491,4.63303,109,"2011-09-13T01:24:49Z","2011-09-13T01:12:19Z","1998-08-01","2011-09-01",15,679905,5,"Java",234673,99503,58574,17035,42307,13389,947,0,0,0,0,0,0,0,0,FALSE,FALSE,FALSE,FALSE,TRUE,FALSE,FALSE,FALSE,FALSE,FALSE,FALSE,FALSE,TRUE,TRUE,FALSE,334176,"Increasing","VeryOld",0
"83",188,"MediaPortal","http://www.team-mediaportal.com/","http://www.team-mediaportal.com/mediaportal-download","MediaPortal",18,4.71429,7,"2012-06-20T15:33:36Z","2012-06-20T15:32:07Z","2004-04-01","2012-06-01",30,1679781,17,"C#",1756043,620654,78249,39112,51737,17218,1800,609585,120678,21668,5575,20238,2875,106,5,FALSE,FALSE,FALSE,FALSE,TRUE,FALSE,FALSE,FALSE,FALSE,FALSE,FALSE,FALSE,TRUE,FALSE,TRUE,2376697,"Decreasing","VeryOld",0
"84",189,"BZFlag - Multiplayer 3D Tank Game","http://BZFlag.org","http://sf.net/projects/bzflag/download","bzflag",50,4.4,15,"2012-06-21T12:41:20Z","2012-06-21T12:40:43Z","2000-03-01","2012-06-01",18,371003,44,"C++",33155,52557,14502,4236,5843,2960,481,482,200,23,7,32,1,13,5,FALSE,FALSE,FALSE,FALSE,TRUE,FALSE,FALSE,FALSE,FALSE,FALSE,FALSE,FALSE,TRUE,TRUE,FALSE,85712,"Increasing","VeryOld",0
"85",192,"ZABBIX","http://www.zabbix.com","http://www.zabbix.com/download.php","zabbix",44,4.17391,23,"2012-02-14T14:38:15Z","2012-02-14T14:36:02Z","2001-03-01","2012-02-01",18,527840,2,"PHP",322718,321559,44392,44194,46418,48763,1829,0,0,0,0,0,0,0,0,FALSE,FALSE,FALSE,FALSE,TRUE,FALSE,TRUE,FALSE,FALSE,FALSE,FALSE,FALSE,TRUE,FALSE,TRUE,644277,"Decreasing","VeryOld",0
"86",198,"Fast Light Tool Kit","http://www.fltk.org","http://www.fltk.org/software.php","fltk",15,4.7,10,"2012-06-21T22:55:01Z","2012-06-21T22:53:06Z","1998-10-01","2012-06-01",10,1028152,44,"C++",398275,409660,121385,119529,59764,56597,949,14313,3512,3024,1982,1700,493,81,6,FALSE,FALSE,FALSE,FALSE,TRUE,FALSE,FALSE,FALSE,FALSE,FALSE,FALSE,FALSE,TRUE,FALSE,TRUE,807935,"Decreasing","VeryOld",0
"87",208,"IPCop Firewall","http://www.ipcop.org","https://sourceforge.net/project/showfiles.php?group_id=40604","ipcop",15,4.09091,11,"2012-06-23T02:06:50Z","2012-06-23T02:06:00Z","2001-11-01","2012-06-01",5,251900,42,"C",13778,5405,2038,1076,1332,404,673,0,0,0,0,0,0,0,0,FALSE,FALSE,FALSE,FALSE,FALSE,FALSE,FALSE,FALSE,FALSE,FALSE,FALSE,FALSE,TRUE,FALSE,FALSE,19183,"NoChange","VeryOld",0
"88",210,"Gutenprint (formerly Gimp-print)","http://gimp-print.sourceforge.net",NA,"gutenprint",36,4,6,"2011-07-02T20:41:54Z","2011-07-02T20:40:38Z","1999-09-01","2011-07-01",6,197619,42,"C",2,2,1,1,0,0,1,0,0,0,0,0,0,0,0,FALSE,FALSE,FALSE,FALSE,FALSE,FALSE,FALSE,FALSE,FALSE,FALSE,FALSE,FALSE,TRUE,TRUE,FALSE,4,"Increasing","VeryOld",0
"89",220,"NDISwrapper","http://ndiswrapper.sourceforge.net","http://sourceforge.net/project/showfiles.php?group_id=93482","ndiswrapper",35,4.57143,7,"2012-06-24T09:59:18Z","2012-06-24T09:59:13Z","2003-10-01","2012-05-01",2,23393,42,"C",1938,2093,267,148,85,92,200,0,0,0,0,0,0,0,0,FALSE,FALSE,FALSE,TRUE,FALSE,FALSE,TRUE,FALSE,FALSE,FALSE,FALSE,FALSE,TRUE,TRUE,FALSE,4031,"Increasing","VeryOld",0
"90",223,"Gwenview","http://gwenview.sourceforge.net",NA,"gwenview",123,4.30435,46,"2012-06-21T02:54:07Z","2012-06-21T02:51:31Z","2007-02-01","2012-06-01",17,36368,44,"C++",23525,17212,3130,2312,2798,3981,499,740,293,85,30,97,11,41,2,FALSE,FALSE,FALSE,FALSE,TRUE,FALSE,FALSE,FALSE,FALSE,FALSE,FALSE,FALSE,TRUE,TRUE,FALSE,40737,"Increasing","VeryOld",0
"91",225,"WinMerge","http://winmerge.org/","http://winmerge.org/downloads","winmerge",517,4.35838,173,"2011-09-11T11:29:31Z","2011-09-11T11:29:09Z","2000-10-01","2011-09-01",5,330970,44,"C++",111,0,0,0,1,0,2,0,0,0,0,0,0,0,0,FALSE,FALSE,FALSE,FALSE,FALSE,FALSE,FALSE,FALSE,FALSE,FALSE,FALSE,FALSE,TRUE,FALSE,TRUE,111,"Decreasing","VeryOld",0
"92",229,"Dia","http://live.gnome.org/Dia","http://live.gnome.org/Dia/Download","dia",349,3.58667,75,"2012-06-21T08:09:17Z","2012-06-21T08:07:41Z","1997-01-01","2012-06-01",19,394075,42,"C",9106,4678,568,186,817,575,115,23,7,22,4,4,1,5,1,FALSE,FALSE,FALSE,FALSE,TRUE,FALSE,FALSE,TRUE,FALSE,FALSE,FALSE,FALSE,TRUE,FALSE,TRUE,13784,"Decreasing","VeryOld",0
"93",230,"DocBook","http://docbook.org/xml/4.4",NA,"docbook",160,4.2,35,"2012-06-21T11:37:40Z","2012-06-21T11:37:20Z","2000-09-01","2012-06-01",9,1365929,36,"XSL Transformation",22837,5406,1977,1129,2612,484,375,418,1630,22,148,17,161,19,3,FALSE,FALSE,FALSE,FALSE,FALSE,FALSE,FALSE,FALSE,FALSE,FALSE,FALSE,FALSE,TRUE,TRUE,FALSE,28243,"Increasing","VeryOld",0
"94",232,"AndroMDA","http://www.andromda.org",NA,"AndroMDA",16,4.28571,7,"2012-06-24T17:49:33Z","2012-06-24T17:49:10Z","2003-02-01","2012-05-01",3,522916,5,"Java",46020,68707,1964,746,246,55,105,0,0,0,0,0,0,0,0,FALSE,FALSE,FALSE,TRUE,FALSE,FALSE,FALSE,FALSE,FALSE,FALSE,FALSE,FALSE,TRUE,FALSE,TRUE,114727,"Decreasing","VeryOld",0
"95",239,"S.M.A.R.T. Monitoring Tools","http://smartmontools.sourceforge.net","http://sourceforge.net/project/showfiles.php?group_id=64297","smart",309,4.36,50,"2012-06-21T19:29:03Z","2012-06-21T19:28:47Z","2002-10-01","2012-06-01",3,56000,44,"C++",3429,3419,543,144,297,25,156,0,0,0,0,0,0,0,0,FALSE,FALSE,FALSE,FALSE,FALSE,FALSE,FALSE,FALSE,FALSE,FALSE,FALSE,FALSE,TRUE,FALSE,FALSE,6848,"NoChange","VeryOld",0
"96",240,"Roundcube Webmail","http://www.roundcube.net","http://www.roundcube.net/downloads","roundcube",195,4.30303,66,"2012-06-21T18:09:38Z","2012-06-21T18:08:10Z","2005-09-01","2012-06-01",18,426000,2,"PHP",261761,154053,52874,22880,48581,30218,3591,4474,3722,441,324,179,5,92,3,FALSE,FALSE,FALSE,FALSE,TRUE,FALSE,FALSE,FALSE,FALSE,FALSE,FALSE,FALSE,TRUE,FALSE,FALSE,415814,"NoChange","VeryOld",0
"97",243,"Natural Language Toolkit (NLTK)","http://www.nltk.org","http://code.google.com/p/nltk/downloads/list","nltk",36,5,8,"2012-06-20T20:38:20Z","2012-06-20T20:35:06Z","2001-03-01","2012-06-01",30,213059,9,"Python",23465,25137,22528,24034,3484,3182,435,185,42,112,84,11,0,24,8,FALSE,FALSE,FALSE,FALSE,FALSE,TRUE,FALSE,FALSE,FALSE,FALSE,FALSE,FALSE,TRUE,TRUE,FALSE,48602,"Increasing","VeryOld",0
"98",244,"Anjuta DevStudio","http://anjuta.org",NA,"anjuta",34,3.66667,15,"2012-06-21T06:55:17Z","2012-06-21T06:52:46Z","2001-04-01","2012-06-01",87,623125,42,"C",92389,77169,11356,8902,11077,8185,578,2408,458,269,35,174,6,15,5,FALSE,FALSE,FALSE,FALSE,FALSE,TRUE,FALSE,FALSE,FALSE,FALSE,FALSE,FALSE,TRUE,FALSE,TRUE,169558,"Decreasing","VeryOld",0
"99",246,"Scintilla","http://www.scintilla.org",NA,"scintilla",52,4.52632,19,"2012-06-13T19:18:32Z","2012-06-13T19:15:59Z","2000-03-01","2012-06-01",13,305323,44,"C++",16780,12591,1104,1917,1515,1480,570,156,30,26,3,22,1,19,4,FALSE,FALSE,FALSE,FALSE,TRUE,FALSE,FALSE,TRUE,FALSE,FALSE,FALSE,FALSE,TRUE,FALSE,FALSE,29371,"NoChange","VeryOld",0
"100",255,"AppFuse","http://appfuse.org","http://appfuse.org/display/APF/AppFuse+QuickStart","freshmeat_appfuse",19,4.85714,7,"2012-04-27T20:19:07Z","2012-04-27T20:17:42Z","2004-02-01","2012-04-01",4,63778,5,"Java",18754,5147,1644,578,2097,656,56,0,0,0,0,0,0,0,0,FALSE,FALSE,FALSE,FALSE,FALSE,FALSE,FALSE,FALSE,FALSE,FALSE,FALSE,FALSE,TRUE,FALSE,TRUE,23901,"Decreasing","VeryOld",0
"101",256,"PMD","http://pmd.sf.net","https://sourceforge.net/project/showfiles.php?group_id=56262&package_id=51441","pmd",224,4.01887,53,"2012-06-20T12:04:04Z","2012-06-20T12:02:54Z","2002-06-01","2012-06-01",8,299927,5,"Java",213661,206986,19322,17685,21569,19934,480,1115,716,68,15,92,12,33,3,FALSE,FALSE,FALSE,FALSE,FALSE,FALSE,FALSE,TRUE,FALSE,FALSE,FALSE,FALSE,TRUE,TRUE,FALSE,420647,"Increasing","VeryOld",0
"102",263,"Crazy Eddie's GUI System","http://www.cegui.org.uk/","http://www.cegui.org.uk/wiki/index.php/Downloads","CEGUI",48,4,17,"2012-06-21T00:05:29Z","2012-06-21T00:04:31Z","2004-03-01","2012-06-01",13,200070,44,"C++",426101,380404,199365,200968,107044,100709,1484,38633,32560,5755,4985,3154,2549,201,3,FALSE,FALSE,FALSE,FALSE,TRUE,FALSE,FALSE,FALSE,FALSE,TRUE,FALSE,FALSE,TRUE,TRUE,FALSE,806505,"Increasing","VeryOld",0
"103",270,"LimeSurvey","http://www.limesurvey.org","http://www.limesurvey.org/download","limesurvey",33,4125,16,"2012-06-21T10:04:45Z","2012-06-21T10:02:42Z","2003-03-01","2012-06-01",44,1614413,2,"PHP",3224079,2016173,433917,368013,160213,169137,5829,57220,17532,4536,1192,2850,1815,437,8,FALSE,FALSE,FALSE,FALSE,FALSE,TRUE,TRUE,FALSE,FALSE,FALSE,FALSE,FALSE,TRUE,TRUE,FALSE,5240252,"Increasing","VeryOld",0
"104",272,"KDE","http://www.kde.org","http://www.kde.org/download/","kde",1079,4.53266,398,"2012-06-05T16:14:19Z","2012-06-05T09:10:11Z","1997-04-01","2012-06-01",749,17300839,44,"C++",9270911,8004339,2083794,1758512,1404503,1197137,64674,23680,24228,5549,5334,5243,4079,365,71,FALSE,FALSE,FALSE,FALSE,FALSE,TRUE,FALSE,FALSE,FALSE,FALSE,FALSE,FALSE,TRUE,FALSE,TRUE,17275250,"Decreasing","VeryOld",0
"105",278,"Git","http://git-scm.com/","http://git-scm.com/downloads","git",3036,4687,1000,"2012-06-21T12:16:25Z","2012-06-21T12:14:02Z","2005-04-01","2012-06-01",192,376615,42,"C",841666,307785,98595,30351,137584,30951,3832,2093,1240,378,97,306,103,106,18,FALSE,FALSE,FALSE,FALSE,FALSE,TRUE,FALSE,TRUE,FALSE,FALSE,FALSE,FALSE,TRUE,FALSE,FALSE,1149451,"NoChange","VeryOld",0
"106",282,"Krusader","http://www.krusader.org",NA,"krusader",48,4.41667,24,"2012-06-19T17:06:56Z","2012-06-19T17:06:41Z","2002-04-01","2012-06-01",11,60902,44,"C++",340,242,12,11,35,15,51,0,0,0,0,0,0,0,0,FALSE,FALSE,FALSE,FALSE,TRUE,FALSE,FALSE,FALSE,FALSE,FALSE,FALSE,FALSE,TRUE,FALSE,TRUE,582,"Decreasing","VeryOld",0
"107",284,"Grisbi","http://www.grisbi.org",NA,"grisbi",14,5,4,"2012-06-20T20:28:47Z","2012-06-20T20:24:31Z","2002-01-01","2012-06-01",6,267267,42,"C",15183,6765,2257,1084,1901,476,261,0,0,0,0,0,0,0,0,FALSE,FALSE,FALSE,FALSE,FALSE,FALSE,FALSE,FALSE,TRUE,FALSE,FALSE,FALSE,TRUE,FALSE,TRUE,21948,"Decreasing","VeryOld",0
"108",302,"Maxima -- GPL CAS based on DOE-MACSYMA","http://maxima.sourceforge.net","http://sourceforge.net/projects/maxima/files/","maxima",46,4.40741,27,"2012-06-21T04:54:29Z","2012-06-21T04:52:21Z","2000-05-01","2012-06-01",13,522063,22,"Lisp",105011,66257,10670,9066,6676,6963,455,1512,1343,63,40,72,70,56,5,FALSE,FALSE,FALSE,FALSE,TRUE,FALSE,FALSE,FALSE,FALSE,FALSE,FALSE,FALSE,TRUE,FALSE,FALSE,171268,"NoChange","VeryOld",0
"109",308,"Umbrello UML Modeller","http://uml.sourceforge.net",NA,"umbrello",66,3.61905,21,"2012-06-21T20:21:37Z","2012-06-21T20:21:22Z","2003-01-01","2012-06-01",11,203876,44,"C++",22277,17901,8066,7444,1886,1907,488,773,419,261,183,82,77,25,5,FALSE,FALSE,FALSE,FALSE,FALSE,FALSE,FALSE,FALSE,FALSE,FALSE,FALSE,FALSE,TRUE,TRUE,FALSE,40178,"Increasing","VeryOld",0
"110",312,"Expat XML Parser","http://expat.sourceforge.net","http://sourceforge.net/project/showfiles.php?group_id=10127","expat",38,3.6,5,"2012-06-25T11:07:43Z","2012-06-25T11:07:40Z","1997-11-01","2012-05-01",2,22710,42,"C",438,3135,68,385,71,163,17,0,0,0,0,0,0,0,0,FALSE,FALSE,FALSE,TRUE,FALSE,FALSE,TRUE,FALSE,FALSE,FALSE,FALSE,FALSE,TRUE,TRUE,FALSE,3573,"Increasing","VeryOld",0
"111",313,"JFreeChart","http://www.jfree.org/jfreechart/","https://sourceforge.net/projects/jfreechart/files/","jfreechart",119,4.16667,30,"2012-06-26T00:54:43Z","2012-06-26T00:53:59Z","2003-04-01","2011-12-01",2,177914,5,"Java",253,6,74,31,38,0,6,0,0,0,0,0,0,0,0,FALSE,FALSE,FALSE,TRUE,FALSE,FALSE,FALSE,FALSE,TRUE,FALSE,FALSE,FALSE,TRUE,TRUE,FALSE,259,"Increasing","VeryOld",0
"112",321,"Ardour 2","http://ardour.org",NA,"ardour",66,4.84,25,"2012-02-16T04:27:48Z","2012-02-16T04:27:28Z","2005-05-01","2012-02-01",4,359896,44,"C++",1688,1190,342,52,284,85,65,0,0,0,0,0,0,0,0,FALSE,FALSE,FALSE,FALSE,FALSE,FALSE,FALSE,FALSE,FALSE,FALSE,FALSE,FALSE,TRUE,FALSE,FALSE,2878,"NoChange","VeryOld",0
"113",322,"CruiseControl.NET","http://www.cruisecontrolnet.org/",NA,"cruisecontrol",237,4.13514,74,"2012-06-20T17:48:48Z","2012-06-20T17:48:33Z","2003-04-01","2012-06-01",19,519666,17,"C#",165335,10174,10414,1447,39622,485,437,98144,114,5780,13,35905,16,39,3,FALSE,FALSE,FALSE,FALSE,TRUE,FALSE,FALSE,FALSE,FALSE,FALSE,FALSE,FALSE,TRUE,FALSE,FALSE,175509,"NoChange","VeryOld",0
"114",333,"Workrave","http://www.workrave.org",NA,"workrave",19,4.6,10,"2012-06-21T09:00:27Z","2012-06-21T08:59:52Z","2002-09-01","2012-06-01",6,72266,44,"C++",24557,38992,2815,6251,4604,6441,352,0,0,0,0,0,0,0,0,FALSE,FALSE,FALSE,FALSE,FALSE,FALSE,FALSE,TRUE,FALSE,FALSE,FALSE,FALSE,TRUE,TRUE,FALSE,63549,"Increasing","VeryOld",0
"115",341,"Vega Strike","http://vegastrike.sourceforge.net","http://vegastrike.sourceforge.net/getfiles/","vegastrike",9,5,4,"2011-09-14T07:36:03Z","2011-09-14T07:35:31Z","2001-02-01","2011-09-01",11,879820,42,"C",5,21,0,0,0,3,3,0,0,0,0,0,0,0,0,FALSE,FALSE,FALSE,FALSE,TRUE,FALSE,FALSE,FALSE,TRUE,FALSE,FALSE,FALSE,TRUE,FALSE,FALSE,26,"NoChange","VeryOld",0
"116",343,"Licq","http://licq.org","http://licq.org/download.html","licq",7,4,7,"2012-06-22T04:38:19Z","2012-06-22T04:38:03Z","1999-08-01","2012-06-01",4,256349,44,"C++",47353,52013,2938,2989,2536,2677,322,0,0,0,0,0,0,0,0,FALSE,FALSE,FALSE,FALSE,FALSE,FALSE,FALSE,FALSE,FALSE,FALSE,FALSE,FALSE,TRUE,FALSE,FALSE,99366,"NoChange","VeryOld",0
"117",344,"Windows Installer XML (WiX) toolset","http://wix.sourceforge.net/","http://wix.codeplex.com/releases/view/44406","wix",67,3.82143,28,"2012-06-12T06:08:16Z","2012-06-12T05:44:36Z","2004-04-01","2012-06-01",2,951660,17,"C#",78562,62478,18206,15044,12899,9602,208,0,0,0,0,0,0,0,0,FALSE,FALSE,FALSE,TRUE,FALSE,FALSE,FALSE,FALSE,FALSE,FALSE,FALSE,FALSE,TRUE,FALSE,FALSE,141040,"NoChange","VeryOld",0
"118",353,"Jack Audio Connection Kit","http://jackaudio.org/",NA,"jack",78,4.59091,22,"2012-06-22T03:00:28Z","2012-06-22T02:57:57Z","2001-11-01","2012-02-01",5,125992,42,"C",13903,9676,2550,1798,1726,750,356,0,0,0,0,0,0,0,0,FALSE,FALSE,FALSE,FALSE,FALSE,FALSE,FALSE,FALSE,FALSE,FALSE,FALSE,FALSE,TRUE,FALSE,FALSE,23579,"NoChange","VeryOld",0
"119",354,"ettercap","http://ettercap.sf.net",NA,"ettercap",33,4625,8,"2012-06-21T20:09:54Z","2012-06-21T20:09:18Z","2001-08-01","2011-11-01",4,132368,42,"C",2233,1559,805,877,355,517,102,0,0,0,0,0,0,0,0,FALSE,FALSE,FALSE,FALSE,FALSE,FALSE,FALSE,FALSE,TRUE,FALSE,FALSE,FALSE,TRUE,TRUE,FALSE,3792,"Increasing","VeryOld",0
"120",355,"Irrlicht Engine","http://irrlicht.sourceforge.net","http://sourceforge.net/project/showfiles.php?group_id=74339","IrrlichtEngine",31,4.08333,24,"2012-04-26T15:28:34Z","2012-04-26T15:26:20Z","2005-12-01","2012-04-01",6,689208,44,"C++",36757,19810,9567,3893,6537,1932,235,0,0,0,0,0,0,0,0,FALSE,FALSE,FALSE,FALSE,FALSE,FALSE,FALSE,FALSE,FALSE,FALSE,FALSE,FALSE,TRUE,TRUE,FALSE,56567,"Increasing","VeryOld",0
"121",360,"FindBugs","http://findbugs.sourceforge.net","http://findbugs.sourceforge.net/downloads.html","findbugs",352,4.26437,87,"2012-06-24T08:56:40Z","2012-06-24T08:56:06Z","2003-03-01","2012-06-01",3,283089,5,"Java",38209,21488,3390,3019,5352,3112,1076,0,0,0,0,0,0,0,0,FALSE,FALSE,FALSE,TRUE,FALSE,FALSE,FALSE,FALSE,FALSE,FALSE,FALSE,FALSE,TRUE,FALSE,FALSE,59697,"NoChange","VeryOld",0
"122",372,"Bacula","http://www.bacula.org","http://sourceforge.net/project/showfiles.php?group_id=50727","bacula",46,4.56522,23,"2011-10-28T16:55:30Z","2011-10-28T16:54:07Z","2002-04-01","2011-10-01",11,691940,42,"C",8470,5212,1179,788,581,209,346,0,0,0,0,0,0,0,0,FALSE,FALSE,FALSE,FALSE,TRUE,FALSE,FALSE,FALSE,FALSE,FALSE,FALSE,FALSE,TRUE,FALSE,TRUE,13682,"Decreasing","VeryOld",0
"124",380,"The Chemistry Development Kit","http://cdk.sourceforge.net","http://sourceforge.net/project/showfiles.php?group_id=20024","cdk",6,4.33333,3,"2012-06-21T12:51:40Z","2012-06-21T11:32:14Z","2000-10-01","2012-05-01",24,861098,5,"Java",127660,49474,37111,11514,11107,2982,956,1100,0,106,0,104,0,4,1,FALSE,FALSE,FALSE,FALSE,TRUE,FALSE,FALSE,FALSE,FALSE,FALSE,FALSE,FALSE,TRUE,FALSE,FALSE,177134,"NoChange","VeryOld",0
"125",387,"Cheetah: Python-Powered Template Engine","http://CheetahTemplate.org",NA,"cheetah",145,4.60714,28,"2012-06-25T12:12:46Z","2012-06-25T12:12:36Z","2001-06-01","2012-01-01",2,12674,9,"Python",12,4,0,0,0,0,2,0,0,0,0,0,0,0,0,FALSE,FALSE,FALSE,TRUE,FALSE,FALSE,FALSE,FALSE,FALSE,FALSE,FALSE,FALSE,TRUE,FALSE,TRUE,16,"Decreasing","VeryOld",0
"126",392,"Open Babel","http://openbabel.org/","http://sourceforge.net/project/platformdownload.php?group_id=40728","openbabel",12,4.66667,6,"2012-06-21T11:14:33Z","2012-06-21T11:13:17Z","2001-11-01","2012-06-01",13,248994,44,"C++",105458,98483,24172,21122,11616,9885,378,4226,1970,675,305,523,58,57,6,FALSE,FALSE,FALSE,FALSE,TRUE,FALSE,FALSE,FALSE,FALSE,FALSE,FALSE,FALSE,TRUE,FALSE,TRUE,203941,"Decreasing","VeryOld",0
"127",395,"Hugin","http://hugin.sourceforge.net/","http://hugin.sourceforge.net/download/","hugin",55,4.57143,21,"2011-10-19T13:32:12Z","2011-10-19T13:31:06Z","2003-04-01","2011-10-01",29,210186,44,"C++",9631,10225,1537,3252,685,1596,262,0,0,0,0,0,0,0,0,FALSE,FALSE,FALSE,FALSE,FALSE,TRUE,FALSE,FALSE,TRUE,FALSE,FALSE,FALSE,TRUE,TRUE,FALSE,19856,"Increasing","VeryOld",0
"128",402,"JGroups","http://www.jgroups.org","http://sourceforge.net/projects/javagroups/files/","jgroups",11,4.6,5,"2012-06-21T18:12:01Z","2012-06-21T18:11:37Z","2003-09-01","2012-06-01",12,109041,5,"Java",35639,26420,4554,2957,5068,2838,728,2870,923,618,139,533,102,53,5,FALSE,FALSE,FALSE,FALSE,TRUE,FALSE,FALSE,TRUE,FALSE,FALSE,FALSE,FALSE,TRUE,FALSE,TRUE,62059,"Decreasing","VeryOld",0
"129",403,"KStars","http://edu.kde.org/kstars","http://edu.kde.org/kstars/","kstars",24,4.58333,12,"2012-06-21T17:21:55Z","2012-06-21T17:20:52Z","2001-03-01","2012-06-01",23,111849,44,"C++",33267,7829,7704,1112,5459,964,366,11,10,1,0,0,0,3,2,FALSE,FALSE,FALSE,FALSE,TRUE,FALSE,FALSE,FALSE,TRUE,FALSE,FALSE,FALSE,TRUE,FALSE,TRUE,41096,"Decreasing","VeryOld",0
"130",408,"SCons - a Software Construction tool","http://www.scons.org","http://www.scons.org/download.php","scons",118,4,42,"2012-06-21T22:47:08Z","2012-06-21T22:46:29Z","2001-07-01","2012-06-01",14,119715,9,"Python",1221,538,1511,179,549,40,55,49,7,50,1,32,0,1,1,FALSE,FALSE,FALSE,FALSE,TRUE,FALSE,FALSE,FALSE,FALSE,TRUE,FALSE,FALSE,TRUE,FALSE,TRUE,1759,"Decreasing","VeryOld",0
"131",417,"DjVuLibre","http://djvu.sourceforge.net/","http://sourceforge.net/project/showfiles.php?group_id=32953","djvu",4,4,1,"2012-06-21T04:37:19Z","2012-06-21T04:34:39Z","1999-01-01","2012-06-01",7,362532,44,"C++",22180,13581,308,224,273,235,152,59,20,0,0,3,0,1,1,FALSE,FALSE,FALSE,FALSE,FALSE,FALSE,FALSE,FALSE,FALSE,FALSE,FALSE,FALSE,TRUE,FALSE,FALSE,35761,"NoChange","VeryOld",0
"132",423,"JRuby","http://jruby.org/","http://jruby.org/download","jruby",76,4.56667,30,"2011-09-27T20:21:30Z","2011-09-27T20:20:14Z","2001-09-01","2011-09-01",55,655811,12,"Ruby",55369,57551,8892,7803,8378,9492,737,0,0,0,0,0,0,0,0,FALSE,FALSE,FALSE,FALSE,FALSE,TRUE,FALSE,FALSE,FALSE,FALSE,FALSE,FALSE,TRUE,FALSE,FALSE,112920,"NoChange","VeryOld",0
"133",428,"MacGPG1","http://www.gpgtools.org/macgpg1/index.html","http://www.gpgtools.org/download/macgpg1","macgpg1",7,4,3,"2012-06-24T14:23:16Z","2012-06-24T14:23:14Z","2011-02-01","2012-03-01",3,2506,11,"shell script",989,21,11,4,3,0,11,0,0,0,0,0,0,0,0,FALSE,FALSE,FALSE,TRUE,FALSE,FALSE,FALSE,FALSE,FALSE,FALSE,FALSE,FALSE,FALSE,FALSE,FALSE,1010,"NoChange","Normal",0
"134",433,"Meeting Room Booking System","http://mrbs.sourceforge.net/","http://sourceforge.net/project/platformdownload.php?group_id=5113","mrbs",1,NA,0,"2012-06-24T18:46:54Z","2012-06-24T18:46:28Z","2008-04-01","2012-06-01",3,40196,2,"PHP",14041,5379,5614,1854,1591,315,589,0,0,0,0,0,0,0,0,FALSE,FALSE,FALSE,TRUE,FALSE,FALSE,FALSE,FALSE,FALSE,FALSE,FALSE,TRUE,FALSE,FALSE,FALSE,19420,"NoChange","Old",0
"135",449,"SuperKaramba","http://netdragon.sourceforge.net/",NA,"netdragon",5,3,2,"2011-08-19T04:27:41Z","2011-08-19T04:27:36Z","2005-09-01","2011-08-01",8,23344,44,"C++",65,42,11,0,3,0,4,0,0,0,0,0,0,0,0,FALSE,FALSE,FALSE,FALSE,FALSE,FALSE,FALSE,FALSE,TRUE,FALSE,FALSE,FALSE,TRUE,TRUE,FALSE,107,"Increasing","VeryOld",0
"136",455,"ffdshow","http://sourceforge.net/projects/ffdshow/",NA,"ffdshow",67,4.27273,22,"2012-06-23T01:48:03Z","2012-06-23T01:45:45Z","2002-05-01","2012-06-01",5,1527678,42,"C",560573,603252,24870,24218,5823,5349,592,0,0,0,0,0,0,0,0,FALSE,FALSE,FALSE,FALSE,FALSE,FALSE,FALSE,TRUE,FALSE,FALSE,FALSE,FALSE,TRUE,FALSE,FALSE,1163825,"NoChange","VeryOld",0
"137",459,"Crossfire RPG game","http://crossfire.real-time.com","http://sourceforge.net/project/showfiles.php?group_id=13833","crossfire",8,3.8,5,"2012-06-21T10:13:08Z","2012-06-21T10:08:37Z","2006-09-01","2012-06-01",7,247798,42,"C",51955,47878,38897,36962,11173,10153,638,0,0,0,0,0,0,0,0,FALSE,FALSE,FALSE,FALSE,FALSE,FALSE,FALSE,FALSE,FALSE,TRUE,FALSE,FALSE,TRUE,FALSE,FALSE,99833,"NoChange","VeryOld",0
"138",465,"The Netwide Assembler","http://www.nasm.us/","http://www.nasm.us/pub/nasm/releasebuilds/?C=M;O=D","nasm",32,4,10,"2012-06-22T07:19:54Z","2012-06-22T07:19:42Z","2002-04-01","2012-05-01",7,59331,42,"C",5735,2167,607,231,383,68,106,0,0,0,0,0,0,0,0,FALSE,FALSE,FALSE,FALSE,FALSE,FALSE,FALSE,FALSE,FALSE,FALSE,FALSE,FALSE,TRUE,FALSE,TRUE,7902,"Decreasing","VeryOld",0
"139",470,"LaTeX Beamer Class","https://bitbucket.org/rivanvx/beamer","https://bitbucket.org/rivanvx/beamer/downloads","latex-beamer",114,4.32,25,"2012-06-22T21:31:54Z","2012-06-22T21:31:46Z","2003-10-01","2012-06-01",4,11193,10,"Emacs Lisp",173,68,11,2,18,3,35,8,7,0,0,0,0,2,1,FALSE,FALSE,FALSE,FALSE,FALSE,FALSE,FALSE,FALSE,FALSE,FALSE,FALSE,FALSE,TRUE,TRUE,FALSE,241,"Increasing","VeryOld",0
"140",475,"The Ur-Quan Masters","http://sc2.sourceforge.net/","http://sc2.sourceforge.net/downloads.php","sc2",5,5,2,"2012-06-22T23:39:49Z","2012-06-22T23:39:41Z","2002-09-01","2012-02-01",3,213441,42,"C",6220,4658,1129,350,899,171,129,0,0,0,0,0,0,0,0,FALSE,FALSE,FALSE,TRUE,FALSE,FALSE,FALSE,TRUE,FALSE,FALSE,FALSE,FALSE,TRUE,TRUE,FALSE,10878,"Increasing","VeryOld",0
"141",480,"JBoss Application Server","http://www.jboss.org/","http://www.jboss.org/jbossas/downloads/","jboss",348,4.0396,101,"2012-06-19T23:23:23Z","2012-06-19T23:20:16Z","2006-07-01","2012-05-01",156,1245541,5,"Java",944217,559164,370640,212539,167745,91103,6468,18505,2335,1265,342,845,204,87,25,FALSE,FALSE,FALSE,FALSE,FALSE,TRUE,FALSE,FALSE,FALSE,FALSE,FALSE,FALSE,TRUE,TRUE,FALSE,1503381,"Increasing","VeryOld",0
"142",481,"JavaServer Faces","http://javaserverfaces.java.net/","http://javaserverfaces.java.net/download.html","javaserverfaces",48,3.8,10,"2012-05-23T18:00:30Z","2012-05-23T17:56:30Z","2007-10-01","2012-05-01",7,380820,5,"Java",51606,14702,25947,4989,12468,2388,615,0,0,0,0,0,0,0,0,FALSE,FALSE,FALSE,FALSE,FALSE,FALSE,FALSE,FALSE,TRUE,FALSE,FALSE,TRUE,FALSE,FALSE,FALSE,66308,"NoChange","Old",0
"143",486,"jBPM","http://www.jboss.org/jbpm/","http://sourceforge.net/projects/jbpm/files/","jbpm",53,4.09091,11,"2012-06-20T11:25:38Z","2012-06-20T11:22:08Z","2008-06-01","2012-06-01",30,586216,5,"Java",430520,254623,82253,60195,72335,47567,967,2830,488,491,69,721,27,36,5,FALSE,FALSE,FALSE,FALSE,FALSE,TRUE,FALSE,FALSE,FALSE,FALSE,FALSE,TRUE,FALSE,FALSE,FALSE,685143,"NoChange","Old",0
"144",488,"Roundup Issue Tracker","http://roundup-tracker.org/","http://cheeseshop.python.org/pypi/roundup/","roundup",32,4,6,"2011-11-19T18:20:41Z","2011-11-19T18:20:21Z","2001-07-01","2011-10-01",4,96020,9,"Python",643,193,482,74,81,17,27,0,0,0,0,0,0,0,0,FALSE,FALSE,FALSE,FALSE,FALSE,FALSE,FALSE,FALSE,TRUE,FALSE,FALSE,FALSE,TRUE,FALSE,TRUE,836,"Decreasing","VeryOld",0
"145",491,"gtk-gnutella","http://gtk-gnutella.sourceforge.net/","https://sourceforge.net/project/showfiles.php?group_id=4467","gtk-gnutella",11,5,4,"2012-06-22T17:26:14Z","2012-06-22T17:25:55Z","2000-05-01","2012-06-01",4,379247,42,"C",66923,18258,20130,3373,11846,731,860,0,0,0,0,0,0,0,0,FALSE,FALSE,FALSE,FALSE,FALSE,FALSE,FALSE,FALSE,TRUE,FALSE,FALSE,FALSE,TRUE,FALSE,FALSE,85181,"NoChange","VeryOld",0
"146",505,"gThumb image viewer and browser","http://gthumb.sourceforge.net",NA,"gthumb",111,3.70833,24,"2012-06-21T04:38:43Z","2012-06-21T04:35:07Z","2002-10-01","2012-06-01",35,162575,42,"C",39064,31601,2871,1584,6550,4567,545,39,12,0,0,5,0,1,1,FALSE,FALSE,FALSE,FALSE,FALSE,TRUE,FALSE,TRUE,FALSE,FALSE,FALSE,FALSE,TRUE,FALSE,TRUE,70665,"Decreasing","VeryOld",0
"147",513,"DScaler Deinterlacer/Scaler","http://deinterlace.sourceforge.net/",NA,"deinterlace",3,4.66667,3,"2012-06-25T11:10:27Z","2012-06-25T11:10:23Z","2000-06-01","2012-04-01",2,950061,42,"C",575,108,118,35,87,1,34,0,0,0,0,0,0,0,0,FALSE,FALSE,FALSE,TRUE,FALSE,FALSE,FALSE,FALSE,FALSE,FALSE,FALSE,FALSE,TRUE,TRUE,FALSE,683,"Increasing","VeryOld",0
"148",531,"matplotlib","http://matplotlib.sourceforge.net/","http://sourceforge.net/project/showfiles.php?group_id=80706","matplotlib",132,4.52778,36,"2012-06-21T10:02:24Z","2012-06-21T09:58:02Z","2003-05-01","2012-06-01",63,362333,9,"Python",59717,31112,18023,8284,9565,2971,1067,2270,965,872,335,375,71,117,16,FALSE,FALSE,FALSE,FALSE,FALSE,TRUE,FALSE,FALSE,FALSE,FALSE,FALSE,FALSE,TRUE,FALSE,FALSE,90829,"NoChange","VeryOld",0
"149",537,"PyDev","http://pydev.sourceforge.net/","http://pydev.sourceforge.net/download.html","PyDev",183,4.26087,69,"2012-06-20T15:43:39Z","2012-06-20T15:43:25Z","2003-07-01","2012-06-01",15,660600,5,"Java",396661,113070,73970,31935,75011,29071,514,398,227,12,42,77,6,10,2,FALSE,FALSE,FALSE,FALSE,TRUE,FALSE,FALSE,TRUE,FALSE,FALSE,FALSE,FALSE,TRUE,FALSE,FALSE,509731,"NoChange","VeryOld",0
"150",559,"jogl","http://jogl.jogamp.org/",NA,"jogl",17,5,4,"2012-02-21T20:53:30Z","2012-02-21T20:53:14Z","2003-06-01","2012-02-01",10,348176,5,"Java",104990,61108,28100,14884,14282,6842,2012,0,0,0,0,0,0,0,0,FALSE,FALSE,FALSE,FALSE,TRUE,FALSE,FALSE,FALSE,FALSE,FALSE,FALSE,FALSE,TRUE,TRUE,FALSE,166098,"Increasing","VeryOld",0
"151",563,"BibDesk","http://bibdesk.sourceforge.net/",NA,"bibdesk",18,4.4,10,"2012-06-22T22:22:42Z","2012-06-22T22:17:23Z","2002-09-01","2012-06-01",4,532406,16,"Objective-C",16553,32679,1119,990,456,386,290,0,0,0,0,0,0,0,0,FALSE,FALSE,FALSE,FALSE,FALSE,FALSE,FALSE,FALSE,TRUE,FALSE,FALSE,FALSE,TRUE,FALSE,TRUE,49232,"Decreasing","VeryOld",0
"152",568,"Openfire","http://www.igniterealtime.org/projects/openfire/","http://www.igniterealtime.org/downloads/index.jsp#openfire","Openfire",103,4,49,"2012-06-22T01:08:39Z","2012-06-22T01:08:18Z","2007-04-01","2012-05-01",5,235210,5,"Java",69938,28426,15683,4455,13820,5864,155,0,0,0,0,0,0,0,0,FALSE,FALSE,FALSE,FALSE,FALSE,FALSE,FALSE,FALSE,FALSE,FALSE,FALSE,FALSE,TRUE,TRUE,FALSE,98364,"Increasing","VeryOld",0
"153",569,"Programmer's Notepad","http://pnotepad.org","http://pnotepad.org/download","pnotepad",25,4875,16,"2012-06-24T19:33:11Z","2012-06-24T19:31:33Z","2002-02-01","2012-04-01",3,751406,44,"C++",70911,7005,4535,458,7885,331,44,0,0,0,0,0,0,0,0,FALSE,FALSE,FALSE,TRUE,FALSE,FALSE,FALSE,TRUE,FALSE,FALSE,FALSE,FALSE,TRUE,FALSE,TRUE,77916,"Decreasing","VeryOld",0
"154",571,"PCGen :: An RPG Character Generator","http://pcgen.sourceforge.net","http://pcgen.sourceforge.net/03_get_pcgen.php","pcgen",6,4.25,4,"2011-09-13T21:45:54Z","2011-09-13T20:45:32Z","2001-04-01","2011-09-01",21,1011736,5,"Java",1614,774,382,57,98,14,30,0,0,0,0,0,0,0,0,FALSE,FALSE,FALSE,FALSE,TRUE,FALSE,FALSE,FALSE,FALSE,FALSE,FALSE,FALSE,TRUE,FALSE,TRUE,2388,"Decreasing","VeryOld",0
"155",579,"GNU LilyPond Music Typesetter","http://lilypond.org/","http://lilypond.org/web/install","lilypond",34,4.66667,15,"2012-06-21T11:18:41Z","2012-06-21T11:11:10Z","1996-10-01","2012-06-01",52,1127858,44,"C++",56423,28975,7358,4004,6633,3348,1247,520,350,111,49,47,23,30,8,FALSE,FALSE,FALSE,FALSE,FALSE,TRUE,FALSE,FALSE,FALSE,FALSE,FALSE,FALSE,TRUE,FALSE,FALSE,85398,"NoChange","VeryOld",0
"156",584,"Alfresco Content Management","http://www.alfresco.com","https://process.alfresco.com/ccdl/?file=release/community/build-3755/alfresco-community-4.0.a-installer-linux-x64.bin","alfresco",65,3.65517,29,"2012-02-09T09:30:22Z","2012-02-09T09:29:27Z","2006-11-01","2012-02-01",27,2055962,5,"Java",377332,435268,106190,83131,58309,46612,2266,0,0,0,0,0,0,0,0,FALSE,FALSE,FALSE,FALSE,FALSE,TRUE,FALSE,FALSE,FALSE,FALSE,FALSE,FALSE,TRUE,FALSE,FALSE,812600,"NoChange","VeryOld",0
"157",585,"quilt","http://savannah.nongnu.org/projects/quilt/","http://download.savannah.gnu.org/releases/quilt/","quilt",18,4.5,4,"2012-06-20T14:34:58Z","2012-06-20T14:34:56Z","2003-01-01","2012-03-01",9,7926,10,"Emacs Lisp",538,3039,24,47,42,310,53,0,0,0,0,0,0,0,0,FALSE,FALSE,FALSE,FALSE,FALSE,FALSE,TRUE,FALSE,FALSE,FALSE,FALSE,FALSE,TRUE,TRUE,FALSE,3577,"Increasing","VeryOld",0
"158",606,"GNU findutils","http://savannah.gnu.org/projects/findutils/",NA,"findutils",1338,4.32164,171,"2012-06-25T15:09:31Z","2012-06-25T15:06:57Z","1996-02-01","2012-06-01",3,17854,42,"C",122,234,34,58,7,61,6,0,0,0,0,0,0,0,0,FALSE,FALSE,FALSE,TRUE,FALSE,FALSE,FALSE,FALSE,FALSE,FALSE,FALSE,FALSE,TRUE,TRUE,FALSE,356,"Increasing","VeryOld",0
"159",607,"GPU,  a Global Processing Unit","http://gpu.sourceforge.net/","http://sourceforge.net/projects/gpu/files/","gpu",5,4,1,"2012-06-23T12:40:42Z","2012-06-23T12:39:15Z","2002-09-01","2012-05-01",3,452169,14,"Pascal",38008,2010,11093,76,6090,134,56,0,0,0,0,0,0,0,0,FALSE,FALSE,FALSE,TRUE,FALSE,FALSE,FALSE,FALSE,FALSE,FALSE,FALSE,FALSE,TRUE,FALSE,TRUE,40018,"Decreasing","VeryOld",0
"160",608,"Dolibarr ERP & CRM","http://www.dolibarr.org/","http://www.dolibarr.org/downloads/","dolibarr",19,4.5,12,"2012-06-21T07:52:50Z","2012-06-21T07:51:32Z","2002-04-01","2012-06-01",25,546163,2,"PHP",485903,848112,234315,236542,74285,93033,8528,4503,2665,975,443,489,126,325,5,FALSE,FALSE,FALSE,FALSE,FALSE,TRUE,FALSE,FALSE,FALSE,FALSE,FALSE,FALSE,TRUE,TRUE,FALSE,1334015,"Increasing","VeryOld",0
"161",609,"Xiphos Bible Study Software","http://xiphos.org","http://xiphos.org/download","xiphos",12,4,6,"2012-06-22T23:56:24Z","2012-06-22T23:56:13Z","2000-05-01","2012-03-01",7,230360,20,"Scheme",175468,3354,5212,286,1803,215,17,0,0,0,0,0,0,0,0,FALSE,FALSE,FALSE,FALSE,FALSE,FALSE,TRUE,FALSE,FALSE,FALSE,FALSE,FALSE,TRUE,FALSE,TRUE,178822,"Decreasing","VeryOld",0
"162",613,"GNU GRUB","http://savannah.gnu.org/projects/grub/",NA,"grub",1970,4.2327,318,"2012-06-21T18:08:06Z","2012-06-21T18:07:26Z","2002-12-01","2012-06-01",42,245355,42,"C",552682,138166,60696,15054,73050,16269,1515,3083,1697,119,113,276,107,138,3,FALSE,FALSE,FALSE,FALSE,FALSE,TRUE,FALSE,FALSE,FALSE,FALSE,FALSE,FALSE,TRUE,FALSE,TRUE,690848,"Decreasing","VeryOld",0
"163",625,"gnubg","http://savannah.gnu.org/projects/gnubg/",NA,NA,1,NA,0,"2012-06-22T23:50:09Z","2012-06-22T23:44:53Z","1999-12-01","2012-06-01",6,152482,42,"C",3166,891,332,164,233,17,68,0,0,0,0,0,0,0,0,FALSE,FALSE,FALSE,TRUE,FALSE,FALSE,FALSE,TRUE,FALSE,FALSE,FALSE,FALSE,TRUE,TRUE,FALSE,4057,"Increasing","VeryOld",0
"164",627,"Spark","http://www.igniterealtime.org/projects/spark/","http://www.igniterealtime.org/downloads/index.jsp#spark","Spark",21,4.3,10,"2012-06-21T13:20:17Z","2012-06-21T13:20:04Z","2006-07-01","2012-06-01",4,136462,5,"Java",4452,1811,758,317,517,68,93,0,0,0,0,0,0,0,0,FALSE,FALSE,FALSE,FALSE,FALSE,FALSE,FALSE,FALSE,FALSE,FALSE,FALSE,FALSE,TRUE,FALSE,TRUE,6263,"Decreasing","VeryOld",0
"165",630,"jax-ws","https://jax-ws.dev.java.net",NA,"jax-ws",45,3.90909,11,"2012-06-21T11:19:54Z","2012-06-21T11:15:30Z","2005-05-01","2012-06-01",16,136522,5,"Java",9224,1794,3806,241,1309,86,104,2988,167,128,165,271,52,4,1,FALSE,FALSE,FALSE,FALSE,TRUE,FALSE,FALSE,FALSE,TRUE,FALSE,FALSE,FALSE,TRUE,FALSE,FALSE,11018,"NoChange","VeryOld",0
"166",635,"GNU grep","http://savannah.gnu.org/projects/grep/",NA,"grep",3195,4.54389,581,"2012-06-21T05:40:58Z","2012-06-21T05:40:34Z","1998-11-01","2012-06-01",13,9211,42,"C",3100,2722,674,360,274,125,196,173,79,94,15,38,1,11,2,FALSE,FALSE,FALSE,FALSE,TRUE,FALSE,FALSE,FALSE,FALSE,FALSE,FALSE,FALSE,TRUE,TRUE,FALSE,5822,"Increasing","VeryOld",0
"167",639,"GNU Classpath","http://www.gnu.org/software/classpath","http://www.gnu.org/software/classpath/downloads/downloads.html","classpath",19,4.7,10,"2012-06-24T09:13:30Z","2012-06-24T09:07:08Z","1998-05-01","2012-03-01",3,785892,5,"Java",2306,1332,1668,113,449,79,33,0,0,0,0,0,0,0,0,FALSE,FALSE,FALSE,TRUE,FALSE,FALSE,FALSE,FALSE,TRUE,FALSE,FALSE,FALSE,TRUE,FALSE,FALSE,3638,"NoChange","VeryOld",0
"168",650,"Xith3D","http://xith.org/","http://xith.org/index.php?switch=download","xith3d",10,3.71429,7,"2012-06-20T22:11:29Z","2012-06-20T22:11:19Z","2003-07-01","2012-06-01",4,122991,5,"Java",2525,1063,540,99,323,75,29,0,0,0,0,0,0,0,0,FALSE,FALSE,FALSE,FALSE,FALSE,FALSE,FALSE,FALSE,TRUE,FALSE,FALSE,FALSE,TRUE,FALSE,TRUE,3588,"Decreasing","VeryOld",0
"169",659,"Flying Saucer","http://code.google.com/p/flying-saucer/","http://code.google.com/p/flying-saucer/downloads/list","xhtmlrenderer",6,5,4,"2012-06-23T00:04:28Z","2012-06-23T00:04:13Z","2004-06-01","2012-06-01",5,107456,5,"Java",605,210,42,25,59,14,15,0,0,0,0,0,0,0,0,FALSE,FALSE,FALSE,FALSE,FALSE,FALSE,FALSE,FALSE,FALSE,FALSE,FALSE,FALSE,TRUE,FALSE,TRUE,815,"Decreasing","VeryOld",0
"170",661,"GNU Midnight Commander","http://www.midnight-commander.org","http://www.midnight-commander.org/download","mc",280,4.26829,82,"2012-06-21T10:11:11Z","2012-06-21T10:09:30Z","1997-01-01","2012-06-01",34,222180,42,"C",79916,44774,23444,14116,15534,4826,1400,9064,3046,2736,270,1964,232,62,4,FALSE,FALSE,FALSE,FALSE,FALSE,TRUE,FALSE,FALSE,FALSE,FALSE,FALSE,FALSE,TRUE,FALSE,FALSE,124690,"NoChange","VeryOld",0
"171",700,"GNU Core Utilities","http://savannah.gnu.org/projects/coreutils/",NA,"coreutils",2152,4.53438,320,"2012-06-19T09:04:07Z","2012-06-19T09:03:32Z","1992-10-01","2012-06-01",27,74513,42,"C",6072,4341,3292,2269,752,237,455,69,33,30,2,16,1,15,4,FALSE,FALSE,FALSE,FALSE,FALSE,TRUE,FALSE,FALSE,FALSE,FALSE,FALSE,FALSE,TRUE,FALSE,FALSE,10413,"NoChange","VeryOld",0
"172",716,"Avidemux","http://avidemux.org/","http://avidemux.sourceforge.net/download.html","avidemux",66,4.05882,17,"2011-09-13T04:17:37Z","2011-09-13T04:15:12Z","2004-01-01","2011-09-01",4,9883626,42,"C",148,68,0,31,16,7,15,0,0,0,0,0,0,0,0,FALSE,FALSE,FALSE,FALSE,FALSE,FALSE,FALSE,TRUE,FALSE,FALSE,FALSE,FALSE,TRUE,FALSE,TRUE,216,"Decreasing","VeryOld",0
"173",733,"swingx","https://swingx.dev.java.net","http://www.swinglabs.org/downloads.jsp","swingx",22,4.57143,7,"2012-04-25T08:47:03Z","2012-04-25T08:45:27Z","2005-03-01","2012-04-01",2,193957,5,"Java",66064,8959,14233,7279,6135,1995,126,0,0,0,0,0,0,0,0,FALSE,FALSE,FALSE,TRUE,FALSE,FALSE,FALSE,FALSE,TRUE,FALSE,FALSE,FALSE,TRUE,FALSE,TRUE,75023,"Decreasing","VeryOld",0
"174",739,"GNU gv","http://savannah.gnu.org/projects/gv/",NA,"gv",42,3.66667,9,"2012-06-20T14:34:41Z","2012-06-20T14:34:38Z","2004-11-01","2012-04-01",5,35603,42,"C",688,1534,9,11,13,2,21,0,0,0,0,0,0,0,0,FALSE,FALSE,FALSE,FALSE,FALSE,FALSE,FALSE,FALSE,FALSE,FALSE,FALSE,FALSE,TRUE,FALSE,TRUE,2222,"Decreasing","VeryOld",0
"175",747,"Rake","http://rubyforge.org/projects/rake/",NA,"rake",490,4.26549,113,"2012-06-21T12:57:06Z","2012-06-21T12:57:04Z","2003-02-01","2012-03-01",3,8135,12,"Ruby",415,222,20,24,84,26,27,0,0,0,0,0,0,0,0,FALSE,FALSE,FALSE,FALSE,FALSE,FALSE,FALSE,TRUE,FALSE,FALSE,FALSE,FALSE,TRUE,FALSE,FALSE,637,"NoChange","VeryOld",0
"176",758,"Adonthell","http://adonthell.nongnu.org/","http://adonthell.nongnu.org/download/","adonthell",7,4.25,4,"2012-06-24T08:05:18Z","2012-06-24T08:01:14Z","2000-01-01","2012-06-01",4,140969,44,"C++",11893,6584,2098,505,1265,374,134,0,0,0,0,0,0,0,0,FALSE,FALSE,FALSE,FALSE,FALSE,FALSE,FALSE,FALSE,FALSE,TRUE,FALSE,FALSE,TRUE,FALSE,TRUE,18477,"Decreasing","VeryOld",0
"177",761,"QEMU","http://www.qemu.org/","http://wiki.qemu.org/Download","qemu",212,4.25455,55,"2012-06-20T20:30:07Z","2012-06-20T20:28:14Z","2003-02-01","2012-05-01",253,641955,42,"C",361799,220946,43489,14899,46721,22078,5822,21773,15164,3094,1612,2659,1373,201,30,FALSE,FALSE,FALSE,FALSE,FALSE,TRUE,FALSE,TRUE,FALSE,FALSE,FALSE,FALSE,TRUE,TRUE,FALSE,582745,"Increasing","VeryOld",0
"178",762,"Hudson","http://www.hudson-ci.org/","http://java.net/projects/hudson/downloads/","hudson",366,4568,125,"2012-06-21T00:12:32Z","2012-06-21T00:10:25Z","2006-11-01","2012-05-01",12,162299,5,"Java",40592,103398,17482,57171,5538,22913,788,0,0,0,0,0,0,0,0,FALSE,FALSE,FALSE,FALSE,TRUE,FALSE,FALSE,FALSE,TRUE,FALSE,FALSE,FALSE,TRUE,FALSE,TRUE,143990,"Decreasing","VeryOld",0
"179",764,"libcdio (CD Input and Control Library)","http://savannah.gnu.org/projects/libcdio/","http://www.gnu.org/software/libcdio/","libcdio",4,4,1,"2012-06-22T17:02:55Z","2012-06-22T17:01:59Z","2003-03-01","2012-04-01",5,100906,42,"C",9659,15186,1829,5878,716,2958,261,0,0,0,0,0,0,0,0,FALSE,FALSE,FALSE,FALSE,FALSE,FALSE,FALSE,FALSE,TRUE,FALSE,FALSE,FALSE,TRUE,TRUE,FALSE,24845,"Increasing","VeryOld",0
"180",765,"XBoard","http://www.gnu.org/software/xboard/",NA,"xboard",5,4.33333,3,"2012-06-21T20:52:57Z","2012-06-21T20:52:47Z","2003-10-01","2012-06-01",4,60809,42,"C",16683,17782,1239,787,1208,1353,474,0,0,0,0,0,0,0,0,FALSE,FALSE,FALSE,FALSE,FALSE,FALSE,FALSE,TRUE,FALSE,FALSE,FALSE,FALSE,TRUE,FALSE,FALSE,34465,"NoChange","VeryOld",0
"181",766,"gnokii","http://www.gnokii.org/","http://www.gnokii.org/downloads.shtml","gnokii",18,3625,8,"2012-06-20T12:45:11Z","2012-06-20T12:44:15Z","1999-03-01","2012-06-01",6,171060,42,"C",1042,562,164,2513,97,770,137,0,0,0,0,0,0,0,0,FALSE,FALSE,FALSE,FALSE,FALSE,FALSE,FALSE,TRUE,FALSE,FALSE,FALSE,FALSE,TRUE,FALSE,FALSE,1604,"NoChange","VeryOld",0
"182",767,"config","http://savannah.gnu.org/projects/config/",NA,"config",56,3625,8,"2012-06-24T19:12:15Z","2012-06-24T19:12:07Z","1992-03-01","2012-06-01",5,3024,11,"shell script",89,40,5,14,0,1,20,0,0,0,0,0,0,0,0,FALSE,FALSE,FALSE,TRUE,FALSE,FALSE,FALSE,TRUE,FALSE,FALSE,FALSE,FALSE,TRUE,FALSE,FALSE,129,"NoChange","VeryOld",0
"183",775,"GNU Libtool","http://www.gnu.org/software/libtool/","http://ftp.gnu.org/gnu/libtool/","libtool",382,3.66667,60,"2012-06-19T18:07:27Z","2012-06-19T18:07:25Z","1997-04-01","2012-04-01",14,21316,42,"C",14748,13873,1220,861,1891,1658,161,0,0,0,0,0,0,0,0,FALSE,FALSE,FALSE,FALSE,TRUE,FALSE,FALSE,FALSE,TRUE,FALSE,FALSE,FALSE,TRUE,FALSE,FALSE,28621,"NoChange","VeryOld",0
"184",797,"Jitsi (previously SIP Communicator)","http://jitsi.org/","http://jitsi.org/index.php/Main/Download","Jitsi",19,4.4,5,"2012-04-27T17:17:09Z","2012-04-27T17:16:32Z","2005-07-01","2012-04-01",11,389551,5,"Java",85260,24322,38960,11946,13032,2957,781,0,0,0,0,0,0,0,0,FALSE,FALSE,FALSE,FALSE,TRUE,FALSE,FALSE,FALSE,TRUE,FALSE,FALSE,FALSE,TRUE,FALSE,TRUE,109582,"Decreasing","VeryOld",0
"185",809,"duplicity","http://duplicity.nongnu.org/","https://launchpad.net/duplicity/+download","duplicity",27,4.33333,12,"2012-06-21T18:18:21Z","2012-06-21T18:18:11Z","2002-10-01","2012-05-01",13,16049,9,"Python",20401,17501,7868,6784,4498,3924,188,0,0,0,0,0,0,0,0,FALSE,FALSE,FALSE,FALSE,TRUE,FALSE,FALSE,FALSE,TRUE,FALSE,FALSE,FALSE,TRUE,TRUE,FALSE,37902,"Increasing","VeryOld",0
"186",810,"jrawio","http://jrawio.rawdarkroom.org","http://jrawio.rawdarkroom.org/download/","jrawio",3,NA,0,"2012-06-24T01:17:34Z","2012-06-24T01:13:27Z","2006-11-01","2012-06-01",3,23702,5,"Java",115,220,2,19,1,19,13,0,0,0,0,0,0,0,0,FALSE,FALSE,FALSE,TRUE,FALSE,FALSE,FALSE,FALSE,TRUE,FALSE,FALSE,FALSE,TRUE,TRUE,FALSE,335,"Increasing","VeryOld",0
"187",815,"WeeChat","http://www.weechat.org/","http://www.weechat.org/download","weechat",21,4.54545,11,"2012-06-19T18:03:14Z","2012-06-19T18:03:01Z","2003-09-01","2012-06-01",16,131709,42,"C",32572,23057,4533,2297,3597,2609,486,495,194,44,11,24,0,27,1,FALSE,FALSE,FALSE,FALSE,TRUE,FALSE,FALSE,FALSE,FALSE,FALSE,FALSE,FALSE,TRUE,FALSE,FALSE,55629,"NoChange","VeryOld",0
"188",838,"GNOME Commander","http://www.nongnu.org/gcmd/","http://www.nongnu.org/gcmd/download.html","gnome-commander",14,4,6,"2012-06-20T21:31:12Z","2012-06-20T21:30:22Z","2001-08-01","2012-05-01",23,227895,44,"C++",22322,7742,707,458,879,595,370,0,0,0,0,0,0,0,0,FALSE,FALSE,FALSE,FALSE,TRUE,FALSE,FALSE,TRUE,FALSE,FALSE,FALSE,FALSE,TRUE,FALSE,TRUE,30064,"Decreasing","VeryOld",0
"189",846,"The FreeType Project","http://savannah.nongnu.org/projects/freetype/","http://ru.wikipedia.org/wiki/FreeType","freetype",235,4.34286,35,"2011-08-23T11:16:51Z","2011-08-23T11:13:59Z","1997-09-01","2011-08-01",26,409560,42,"C",702,350,205,99,107,5,24,0,0,0,0,0,0,0,0,FALSE,FALSE,FALSE,FALSE,FALSE,TRUE,FALSE,FALSE,TRUE,FALSE,FALSE,FALSE,TRUE,FALSE,FALSE,1052,"NoChange","VeryOld",0
"190",897,"GNU Screen","http://www.gnu.org/software/screen/","http://ftp.gnu.org/gnu/screen/","screen",1673,4.56298,389,"2012-06-21T19:30:35Z","2012-06-21T19:30:34Z","2003-04-01","2012-03-01",4,43201,42,"C",224,185,4,0,2,0,6,0,0,0,0,0,0,0,0,FALSE,FALSE,FALSE,FALSE,FALSE,FALSE,FALSE,TRUE,FALSE,FALSE,FALSE,FALSE,TRUE,FALSE,TRUE,409,"Decreasing","VeryOld",0
"191",902,"Ghostscript","http://ghostscript.com/","http://ghostscript.com/releases/","ghostscript",353,4.04839,62,"2012-06-19T15:16:43Z","2012-06-19T15:15:15Z","1997-03-01","2012-06-01",13,4279882,42,"C",219499,203104,37655,33886,21513,15131,864,66800,69437,25241,17093,10901,6276,98,8,FALSE,FALSE,FALSE,FALSE,TRUE,FALSE,FALSE,FALSE,FALSE,FALSE,FALSE,FALSE,TRUE,FALSE,TRUE,422603,"Decreasing","VeryOld",0
"192",974,"Mobicents","http://mobicents.org","http://sourceforge.net/projects/mobicents/files/","mobicents",7,4.8,5,"2012-05-22T01:48:38Z","2012-05-21T15:52:34Z","2003-06-01","2012-05-01",31,3143643,5,"Java",1247928,753006,436127,240871,233087,98985,4625,0,0,0,0,0,0,0,0,FALSE,FALSE,FALSE,FALSE,FALSE,TRUE,FALSE,FALSE,TRUE,FALSE,FALSE,FALSE,TRUE,FALSE,TRUE,2000934,"Decreasing","VeryOld",0
"193",975,"GNU Denemo","http://denemo.org/",NA,"denemo",2,5,1,"2012-06-20T22:09:21Z","2012-06-20T22:09:01Z","2003-06-01","2012-06-01",5,280513,42,"C",84722,61348,4486,3441,4323,2889,1141,0,0,0,0,0,0,0,0,FALSE,FALSE,FALSE,FALSE,FALSE,FALSE,FALSE,FALSE,FALSE,FALSE,FALSE,FALSE,TRUE,FALSE,TRUE,146070,"Decreasing","VeryOld",0
"194",983,"Vim/Ruby Configuration Files","http://rubyforge.org/projects/vim-ruby/",NA,"vim-ruby",16,4.66667,3,"2012-06-21T13:27:02Z","2012-06-21T13:26:53Z","2003-07-01","2012-06-01",14,2269,48,"Vim Script",779,1016,116,112,49,128,90,33,27,0,0,1,0,3,3,FALSE,FALSE,FALSE,FALSE,TRUE,FALSE,FALSE,FALSE,FALSE,FALSE,FALSE,FALSE,TRUE,TRUE,FALSE,1795,"Increasing","VeryOld",0
"195",1003,"Cardinal - Ruby compiler for Parrot","http://cardinal.github.com/","http://cardinal.github.com/","cardinal",3,3,1,"2012-06-24T10:39:02Z","2012-06-24T10:38:40Z","2006-07-01","2012-02-01",3,2433,8,"Perl",123,17,21,2,39,0,4,0,0,0,0,0,0,0,0,FALSE,FALSE,FALSE,TRUE,FALSE,FALSE,FALSE,FALSE,FALSE,FALSE,FALSE,FALSE,TRUE,TRUE,FALSE,140,"Increasing","VeryOld",0
"196",1022,"jchart2d","http://jchart2d.sourceforge.net","http://sourceforge.net/project/showfiles.php?group_id=50440","jchart2d",7,3.66667,3,"2012-06-25T18:23:07Z","2012-06-25T18:23:01Z","2011-02-01","2012-06-01",2,30980,5,"Java",8407,5740,7934,3972,1280,519,191,0,0,0,0,0,0,0,0,FALSE,FALSE,FALSE,TRUE,FALSE,FALSE,FALSE,FALSE,FALSE,TRUE,FALSE,FALSE,FALSE,FALSE,FALSE,14147,"NoChange","Normal",0
"197",1027,"GNU tar","http://savannah.gnu.org/projects/tar/",NA,"tar",2622,4.43645,417,"2012-06-23T21:48:33Z","2012-06-23T21:48:30Z","1990-11-01","2012-04-01",3,19077,42,"C",427,185,129,57,45,1,23,0,0,0,0,0,0,0,0,FALSE,FALSE,FALSE,TRUE,FALSE,FALSE,FALSE,TRUE,FALSE,FALSE,FALSE,FALSE,TRUE,FALSE,TRUE,612,"Decreasing","VeryOld",0
"198",1072,"dmidecode","http://www.nongnu.org/dmidecode/","http://download.savannah.gnu.org/releases/dmidecode/","dmidecode",4,NA,0,"2012-06-25T16:32:39Z","2012-06-25T16:32:38Z","2003-01-01","2012-03-01",2,5369,42,"C",5,4,0,0,1,0,4,0,0,0,0,0,0,0,0,FALSE,FALSE,FALSE,TRUE,FALSE,FALSE,FALSE,TRUE,FALSE,FALSE,FALSE,FALSE,TRUE,FALSE,TRUE,9,"Decreasing","VeryOld",0
"199",1095,"paparazzi","http://paparazzi.enac.fr/wiki/Main_Page","http://paparazzi.enac.fr/wiki/Downloads","paparazzi",2,5,2,"2012-06-19T22:35:45Z","2012-06-19T22:35:04Z","2005-01-01","2012-06-01",26,1204542,42,"C",1210170,436070,156553,74648,114282,79965,4127,17052,10442,2806,2304,2672,2168,193,7,FALSE,FALSE,FALSE,FALSE,FALSE,TRUE,FALSE,FALSE,TRUE,FALSE,FALSE,FALSE,TRUE,FALSE,TRUE,1646240,"Decreasing","VeryOld",0
"200",1233,"Tiny C Compiler","http://savannah.nongnu.org/projects/tinycc/",NA,"tinycc",3,3,2,"2012-06-20T14:58:40Z","2012-06-20T14:58:33Z","2001-10-01","2012-06-01",13,64916,42,"C",1971,1565,106,56,78,59,122,9,4,0,0,0,0,4,4,FALSE,FALSE,FALSE,FALSE,TRUE,FALSE,TRUE,FALSE,FALSE,FALSE,FALSE,FALSE,TRUE,FALSE,TRUE,3536,"Decreasing","VeryOld",0
"201",1237,"gnulib","http://savannah.gnu.org/projects/gnulib/",NA,"gnulib",34,4,9,"2012-06-21T08:36:47Z","2012-06-21T08:35:13Z","1992-09-01","2012-06-01",41,474868,42,"C",45186,10915,14315,6149,6275,579,1794,946,620,259,176,64,2,63,9,FALSE,FALSE,FALSE,FALSE,FALSE,TRUE,FALSE,FALSE,FALSE,FALSE,FALSE,FALSE,TRUE,FALSE,FALSE,56101,"NoChange","VeryOld",0
"202",1322,"TinyMCE","http://tinymce.moxiecode.com","http://tinymce.moxiecode.com/download.php","tinymce",238,4125,80,"2012-06-21T23:30:04Z","2012-06-21T23:29:46Z","2006-06-01","2012-06-01",32,55966,6,"JavaScript",30749,19624,6979,5700,3246,854,849,446,193,62,20,67,17,54,7,FALSE,FALSE,FALSE,FALSE,FALSE,TRUE,FALSE,FALSE,TRUE,FALSE,FALSE,FALSE,TRUE,FALSE,TRUE,50373,"Decreasing","VeryOld",0
"203",1428,"GNU troff","http://www.gnu.org/software/groff/","http://www.gnu.org/software/groff/#downloading","groff",10,4,6,"2012-06-23T22:10:38Z","2012-06-23T22:10:14Z","2000-02-01","2012-06-01",2,176532,44,"C++",8041,2167,939,679,891,101,34,0,0,0,0,0,0,0,0,FALSE,FALSE,FALSE,TRUE,FALSE,FALSE,FALSE,TRUE,FALSE,FALSE,FALSE,FALSE,TRUE,FALSE,TRUE,10208,"Decreasing","VeryOld",0
"204",1541,"Koha Library Automation Package","http://www.koha-community.org","http://download.koha-community.org","koha",24,5,14,"2012-06-13T21:57:34Z","2012-06-13T21:56:21Z","1999-10-01","2012-04-01",88,883387,30,"SQL",233522,55300,12254,13706,16904,4714,1451,268,11197,4,10658,12,2542,29,14,FALSE,FALSE,FALSE,FALSE,FALSE,TRUE,TRUE,FALSE,FALSE,FALSE,FALSE,FALSE,TRUE,FALSE,FALSE,288822,"NoChange","VeryOld",0
"205",1657,"GNU C Library","http://www.gnu.org/software/libc/",NA,"glibc",808,4.44118,136,"2012-06-20T20:20:18Z","2012-06-20T20:15:45Z","1989-04-01","2012-06-01",85,1157457,42,"C",213097,209411,83449,92177,30047,29718,2203,5009,5105,773,863,625,694,100,19,FALSE,FALSE,FALSE,FALSE,FALSE,TRUE,FALSE,FALSE,FALSE,FALSE,FALSE,FALSE,TRUE,TRUE,FALSE,422508,"Increasing","VeryOld",0
"206",1895,"GoboLinux","http://www.gobolinux.org/","http://www.gobolinux.org/index.php?page=downloads","gobolinux",10,4.75,4,"2011-09-10T17:01:56Z","2011-09-10T16:47:58Z","2005-08-01","2011-09-01",3,55605,11,"shell script",36,246,1,21,5,44,2,0,0,0,0,0,0,0,0,FALSE,FALSE,FALSE,TRUE,FALSE,FALSE,FALSE,FALSE,FALSE,FALSE,FALSE,FALSE,TRUE,FALSE,TRUE,282,"Decreasing","VeryOld",0
"207",1916,"SWFTools","http://www.swftools.org/","http://www.swftools.org/download.html","swftools",9,4.4,5,"2011-09-26T12:04:52Z","2011-09-26T12:02:16Z","2001-10-01","2011-09-01",2,255954,42,"C",249,45,14,0,30,1,14,0,0,0,0,0,0,0,0,FALSE,FALSE,FALSE,TRUE,FALSE,FALSE,FALSE,TRUE,FALSE,FALSE,FALSE,FALSE,TRUE,FALSE,TRUE,294,"Decreasing","VeryOld",0
"208",1984,"GNU sed","http://savannah.gnu.org/projects/sed/",NA,"sed",1074,4.32948,173,"2012-06-21T09:25:26Z","2012-06-21T09:25:18Z","2004-10-01","2012-04-01",5,23533,42,"C",611,1436,16,172,13,200,35,0,0,0,0,0,0,0,0,FALSE,FALSE,FALSE,FALSE,FALSE,FALSE,FALSE,FALSE,FALSE,FALSE,FALSE,FALSE,TRUE,TRUE,FALSE,2047,"Increasing","VeryOld",0
"209",2867,"Sitemesh","https://sitemesh.dev.java.net/",NA,"sitemesh",29,4.30769,13,"2012-06-21T03:04:42Z","2012-06-21T03:04:35Z","2003-09-01","2011-08-01",5,14178,5,"Java",2753,1571,499,169,390,150,20,0,0,0,0,0,0,0,0,FALSE,FALSE,FALSE,FALSE,FALSE,FALSE,FALSE,FALSE,FALSE,FALSE,FALSE,FALSE,TRUE,TRUE,FALSE,4324,"Increasing","VeryOld",0
"210",2914,"GlueGen","http://jogamp.org/",NA,"gluegen",5,NA,0,"2012-02-15T05:59:25Z","2012-02-15T05:58:47Z","2006-01-01","2012-02-01",5,55090,5,"Java",23684,11516,9034,5346,3808,1478,450,0,0,0,0,0,0,0,0,FALSE,FALSE,FALSE,FALSE,FALSE,FALSE,FALSE,FALSE,FALSE,FALSE,FALSE,FALSE,TRUE,FALSE,FALSE,35200,"NoChange","VeryOld",0
"211",3080,"FreeOrion","http://www.freeorion.org/","http://www.freeorion.org/index.php/Download","freeorion",10,4.33333,6,"2012-06-21T03:26:51Z","2012-06-21T03:26:13Z","2003-03-01","2012-06-01",4,112390,44,"C++",31844,27414,2654,2218,3433,2169,611,0,0,0,0,0,0,0,0,FALSE,FALSE,FALSE,FALSE,FALSE,FALSE,FALSE,FALSE,FALSE,FALSE,FALSE,FALSE,TRUE,TRUE,FALSE,59258,"Increasing","VeryOld",0
"212",3085,"Xith3D Toolkit","http://xith.org/","http://xith.org/index.php?switch=download","xith-tk",5,4.5,2,"2012-06-23T06:28:00Z","2012-06-23T06:27:54Z","2003-10-01","2012-03-01",3,47820,5,"Java",163,17,42,1,43,1,8,0,0,0,0,0,0,0,0,FALSE,FALSE,FALSE,TRUE,FALSE,FALSE,FALSE,FALSE,FALSE,FALSE,FALSE,FALSE,TRUE,FALSE,TRUE,180,"Decreasing","VeryOld",0
"213",3115,"jMonkey Engine","http://www.jmonkeyengine.com","http://jmonkeyengine.org/wiki/doku.php/download","jmonkeyengine",54,4.58065,31,"2012-06-21T09:26:10Z","2012-06-21T09:14:26Z","2003-06-01","2012-06-01",24,1121379,5,"Java",788439,129188,49711,38333,25871,15615,1726,9145,1868,1810,476,1512,143,86,8,FALSE,FALSE,FALSE,FALSE,TRUE,FALSE,FALSE,FALSE,FALSE,FALSE,FALSE,FALSE,TRUE,TRUE,FALSE,917627,"Increasing","VeryOld",0
"214",3123,"Parma Polyhedra Library","http://bugseng.com/products/ppl/","http://bugseng.com/products/ppl/download","ppl",2,NA,0,"2012-06-22T21:53:09Z","2012-06-22T21:52:30Z","2001-10-01","2012-06-01",5,257506,44,"C++",45071,81611,16880,16461,6334,8533,1157,0,0,0,0,0,0,0,0,FALSE,FALSE,FALSE,FALSE,FALSE,FALSE,FALSE,FALSE,FALSE,FALSE,FALSE,FALSE,TRUE,FALSE,FALSE,126682,"NoChange","VeryOld",0
"215",3163,"Jinja","http://jinja.pocoo.org/",NA,"jinja",41,4.66667,18,"2012-03-08T23:13:36Z","2012-03-08T23:13:35Z","2007-02-01","2012-01-01",20,10750,9,"Python",304,83,39,14,68,3,25,0,0,0,0,0,0,0,0,FALSE,FALSE,FALSE,FALSE,TRUE,FALSE,FALSE,FALSE,FALSE,FALSE,FALSE,TRUE,FALSE,FALSE,TRUE,387,"Decreasing","Old",0
"216",3165,"SeaMonkey","http://www.seamonkey-project.org/","http://www.seamonkey-project.org/releases/","seamonkey",68,4.45455,22,"2012-06-21T20:31:42Z","2012-06-21T20:30:00Z","1999-06-01","2012-06-01",167,901255,44,"C++",227310,117448,66042,135173,35106,13868,3126,15781,15144,2759,2232,2248,2316,227,45,FALSE,FALSE,FALSE,FALSE,FALSE,TRUE,FALSE,TRUE,FALSE,FALSE,FALSE,FALSE,TRUE,FALSE,FALSE,344758,"NoChange","VeryOld",0
"217",3166,"Mediboard","http://mediboard.org","http://mediboard.svn.sourceforge.net/viewvc/mediboard/","mediboard",7,5,5,"2012-06-21T03:14:56Z","2012-06-21T03:07:03Z","2004-07-01","2012-06-01",12,486534,2,"PHP",322980,169674,38021,30616,31935,24922,7506,9174,5188,1352,846,1042,233,585,10,FALSE,FALSE,FALSE,FALSE,TRUE,FALSE,FALSE,TRUE,FALSE,FALSE,FALSE,FALSE,TRUE,FALSE,FALSE,492654,"NoChange","VeryOld",0
"219",3172,"cgru","http://sourceforge.net/projects/cgru/","https://sourceforge.net/projects/cgru/files/","cgru",2,5,1,"2012-06-21T20:50:23Z","2012-06-21T20:50:12Z","2010-03-01","2012-06-01",11,100932,44,"C++",652927,474423,47405,33235,108043,79276,1347,1495,629,173,95,162,29,44,2,FALSE,FALSE,FALSE,FALSE,TRUE,FALSE,TRUE,FALSE,FALSE,FALSE,FALSE,FALSE,FALSE,FALSE,FALSE,1127350,"NoChange","Normal",0
"220",3175,"Battle for Wesnoth","http://www.wesnoth.org","http://www.wesnoth.org/wiki/Download","wesnoth",192,4.7037,81,"2012-06-20T23:07:41Z","2012-06-20T23:07:04Z","2003-09-01","2012-06-01",38,298303,44,"C++",158038,138290,48374,40355,18083,12230,2508,1854,1282,909,416,300,32,47,12,FALSE,FALSE,FALSE,FALSE,FALSE,TRUE,FALSE,FALSE,FALSE,FALSE,FALSE,FALSE,TRUE,FALSE,TRUE,296328,"Decreasing","VeryOld",0
"2211",3176,"CakePHP","http://cakephp.org","http://cakephp.org/downloads","cakephp",1753,4.45614,399,"2012-06-21T11:59:38Z","2012-06-21T11:56:39Z","2005-05-01","2012-06-01",104,589679,2,"PHP",199475,132211,66080,44946,19632,6507,7176,299,109,39,2,29,12,62,6,FALSE,FALSE,FALSE,FALSE,FALSE,TRUE,FALSE,FALSE,FALSE,FALSE,FALSE,FALSE,TRUE,FALSE,TRUE,331686,"Decreasing","VeryOld",0
"222",3178,"Hero of Allacrost","http://www.allacrost.org","http://www.allacrost.org/?q=node/3","allacrost",8,4.2,5,"2012-06-19T20:18:50Z","2012-06-19T20:18:46Z","2004-07-01","2011-08-01",7,159689,44,"C++",5319,3830,1739,1368,696,287,52,0,0,0,0,0,0,0,0,FALSE,FALSE,FALSE,FALSE,FALSE,FALSE,FALSE,FALSE,TRUE,FALSE,FALSE,FALSE,TRUE,TRUE,FALSE,9149,"Increasing","VeryOld",0
"223",3179,"Jmol","http://jmol.sourceforge.net/",NA,"jmol",12,4,6,"2012-06-19T23:47:14Z","2012-06-19T23:41:04Z","1999-11-01","2012-06-01",8,474821,5,"Java",71601,48361,19421,12653,7809,4661,1082,2152,1080,442,253,182,53,69,2,FALSE,FALSE,FALSE,FALSE,FALSE,FALSE,FALSE,TRUE,FALSE,FALSE,FALSE,FALSE,TRUE,FALSE,FALSE,119962,"NoChange","VeryOld",0
"224",3180,"TortoiseSVN","http://tortoisesvn.net","http://tortoisesvn.net/downloads","tortoisesvn",3412,4.53533,934,"2012-06-22T21:43:27Z","2012-06-22T21:42:03Z","2003-04-01","2012-06-01",6,589052,44,"C++",104495,34104,17920,8622,12609,3717,937,7,4,1,1,1,0,3,1,FALSE,FALSE,FALSE,FALSE,FALSE,FALSE,FALSE,FALSE,FALSE,FALSE,FALSE,FALSE,TRUE,FALSE,FALSE,138599,"NoChange","VeryOld",0
"225",3182,"Prado PHP framework","http://www.pradosoft.com/","http://www.pradosoft.com/download","prado",16,4.15385,13,"2012-06-22T03:08:05Z","2012-06-22T02:53:04Z","2005-11-01","2012-06-01",5,299918,2,"PHP",69493,47406,23546,19588,6827,4824,281,1243,1227,1033,1025,8,1,7,1,FALSE,FALSE,FALSE,FALSE,FALSE,FALSE,FALSE,FALSE,FALSE,FALSE,FALSE,FALSE,TRUE,TRUE,FALSE,116899,"Increasing","VeryOld",0
"226",3187,"Xapian","http://xapian.org/","http://xapian.org/download","xapian",16,4.44444,9,"2012-06-25T01:58:10Z","2012-06-25T01:57:39Z","1999-09-01","2012-06-01",3,110518,44,"C++",18391,12704,6943,4830,2943,1674,542,79,75,57,58,1,0,15,1,FALSE,FALSE,FALSE,TRUE,FALSE,FALSE,FALSE,FALSE,TRUE,FALSE,FALSE,FALSE,TRUE,TRUE,FALSE,31095,"Increasing","VeryOld",0
"227",3188,"KDevelop","http://kdevelop.org/","http://kdevelop.org/","kdevelop",162,4.35484,62,"2012-06-21T19:23:29Z","2012-06-21T03:25:23Z","1999-01-01","2012-06-01",52,272869,44,"C++",40538,23186,6514,3515,6339,3385,1291,1438,1085,130,47,265,216,60,7,FALSE,FALSE,FALSE,FALSE,FALSE,TRUE,FALSE,FALSE,FALSE,FALSE,FALSE,FALSE,TRUE,FALSE,TRUE,63724,"Decreasing","VeryOld",0
"228",3189,"Drupal (core)","http://drupal.org/","http://drupal.org/project/Drupal","drupal",750,4.32979,282,"2012-06-20T10:51:47Z","2012-06-20T10:40:54Z","2000-05-01","2012-06-01",37,690852,2,"PHP",1048116,875873,591057,496714,185811,144981,5571,93016,53625,34754,21799,18339,10231,399,6,FALSE,FALSE,FALSE,FALSE,FALSE,TRUE,FALSE,FALSE,FALSE,FALSE,FALSE,FALSE,TRUE,FALSE,FALSE,1923989,"NoChange","VeryOld",0
"229",3192,"WordPress","http://wordpress.org/","http://wordpress.org/download/","wordpress",1429,4.31222,442,"2012-06-21T12:04:14Z","2012-06-21T12:03:47Z","2003-04-01","2012-06-01",14,164479,2,"PHP",62011,46797,12221,7140,9660,5402,6400,1421,823,209,88,186,34,293,7,FALSE,FALSE,FALSE,FALSE,TRUE,FALSE,FALSE,FALSE,FALSE,FALSE,FALSE,FALSE,TRUE,FALSE,FALSE,108808,"NoChange","VeryOld",0
"230",3194,"DasBlog","http://www.dasblog.info","http://dasblog.codeplex.com/Release/ProjectReleases.aspx","dasBlog",4,4.5,2,"2012-06-25T01:24:30Z","2012-06-25T01:22:38Z","2005-01-01","2012-04-01",2,261546,17,"C#",1979,6759,32,395,13,171,7,0,0,0,0,0,0,0,0,FALSE,FALSE,FALSE,TRUE,FALSE,FALSE,FALSE,FALSE,FALSE,TRUE,FALSE,FALSE,TRUE,FALSE,TRUE,8738,"Decreasing","VeryOld",0
